MSC Cezar;Ranking R17 File;OFB;#28
37;"Edycja 35.";"Marzec 2026";2026-03-31;6000
---
r1_pid;r1_score;r1_loc
12197;1384.0959;1
6658;1130.1145;2
4662;1034.4760;3
7291;853.2900;4
8158;721.7665;5
14728;719.8655;6
11550;690.9360;7
2806;606.2335;8
8203;572.5670;9
5056;534.8440;10
4762;533.1645;11
23206;514.5135;12
10085;495.1470;13
5176;488.0475;14
12450;486.1195;15
4108;484.8415;16
4111;481.1500;17
14783;477.2735;18
6341;476.8395;19
1318;464.0650;20
8513;462.8125;21
1661;449.8470;22
6706;442.1520;23
6973;437.1545;24
14782;431.3670;25
13438;420.9240;26
1345;417.5260;27
9138;402.3885;28
13709;395.7230;29
12154;381.6500;30
6336;368.2030;31
6815;356.2765;32
5423;355.7750;33
4740;347.2105;34
9550;343.6855;35
5611;337.6060;36
2121;337.5135;37
2934;324.1260;38
6909;315.4755;39
4250;314.2685;40
8979;312.6130;41
8769;310.3245;42
7869;308.3440;43
9357;306.4110;44
6554;304.9830;45
19830;295.7060;46
6540;293.0360;47
7431;292.2560;48
7849;291.3600;49
8195;290.6210;50
12899;289.7020;51
1115;288.7285;52
8294;283.7640;53
6551;277.6255;54
1223;276.2220;55
11319;273.2540;56
6795;273.0240;57
12320;269.9410;58
5574;267.6755;59
15595;257.1675;60
1726;248.6775;61
18890;248.1715;62
21440;245.0355;63
21439;244.9770;64
18645;239.4580;65
4842;239.0300;66
9146;238.6555;67
4163;236.2915;68
9643;236.1325;69
10370;232.7600;70
1539;230.0095;71
6802;228.9445;72
12999;222.9640;73
16898;222.4970;74
7725;222.0610;75
21517;220.2625;76
4535;219.5490;77
10095;218.6700;78
4198;216.5285;79
4451;211.7065;80
5282;207.2740;81
6620;205.7960;82
6621;205.6160;83
4242;203.8605;84
5856;203.0240;85
7809;202.9510;86
7603;199.9765;87
1347;194.0765;88
12474;190.7535;89
11296;190.6470;90
8549;188.8315;91
14885;188.3825;92
7242;182.0895;93
2966;181.8805;94
5310;180.7100;95
8312;179.7850;96
18760;178.0615;97
11600;177.6295;98
4922;177.4660;99
2114;176.5845;100
1865;175.7975;101
17545;175.1725;102
17721;170.9000;103
3644;170.3560;104
3960;166.9315;105
3496;166.5200;106
5520;164.0260;107
14286;163.9035;108
1731;162.9495;109
5400;162.7445;110
2698;162.1400;111
5670;160.3335;112
17082;158.8410;113
4022;158.7815;114
8950;157.9565;115
17539;157.8865;116
10450;157.4285;117
12108;156.5605;118
10533;155.0580;119
5023;154.8475;120
5363;154.5200;121
4665;152.7580;122
10148;152.5655;123
8485;152.4760;124
9691;147.5815;125
8978;146.4625;126
18284;145.0760;127
9755;144.0970;128
19724;143.5030;129
9822;143.2650;130
22882;142.8495;131
5352;142.7200;132
5708;141.2740;133
1128;139.6145;134
5918;137.6530;135
4588;136.8675;136
1807;136.2780;137
15259;136.1075;138
4405;134.4115;139
1138;134.0130;140
5084;133.8140;141
2013;133.6875;142
2395;133.5440;143
4735;133.2380;144
7099;132.2990;145
2644;130.9375;146
7940;130.0825;147
7902;129.7190;148
4699;129.0875;149
4793;128.0790;150
7827;127.9365;151
5701;127.2230;152
6923;126.9955;153
3293;126.5805;154
15477;125.1535;155
20261;124.2810;156
5989;124.2370;157
9303;123.8495;158
1220;122.0685;159
5353;121.9455;160
5070;121.9130;161
1397;121.6450;162
14420;121.5310;163
3401;120.3420;164
5859;120.0830;165
4353;117.9530;166
5568;116.5985;167
16859;116.2725;168
16585;115.7275;169
1749;115.7260;170
5069;115.1870;171
17167;114.8020;172
11802;114.5750;173
3920;112.2290;174
10054;111.1400;175
2904;110.6625;176
5624;110.0495;177
4110;109.9955;178
5314;109.0240;179
17495;108.2330;180
5059;107.7205;181
17030;107.4405;182
9126;107.3550;183
13364;106.4780;184
3546;106.1600;185
23406;106.1395;186
2496;106.1010;187
5374;106.0430;188
1617;106.0300;189
3978;105.1845;190
2501;105.1765;191
5534;104.9465;192
4212;104.7900;193
15414;104.6255;194
6131;103.2695;195
3003;102.9360;196
2921;102.6385;197
19121;102.4965;198
13412;102.3510;199
16829;102.2920;200
15511;101.5645;201
8930;101.3175;202
3647;100.5865;203
2673;99.6985;204
12006;99.0780;205
5483;98.4425;206
11809;98.4240;207
20655;98.0785;208
4551;97.6405;209
2489;97.3775;210
3345;96.8930;211
2727;96.8005;212
1381;96.7190;213
4906;96.5970;214
6112;96.2150;215
3064;95.9140;216
5880;95.3385;217
4303;94.8235;218
4602;94.8225;219
13003;93.8890;220
4431;93.3200;221
12123;93.2290;222
7221;92.2235;223
16140;91.8515;224
8308;91.7350;225
7710;90.2365;226
7794;89.8215;227
6542;89.7315;228
2703;88.6870;229
4547;88.6685;230
5454;88.0630;231
11769;87.9975;232
2468;87.4990;233
6512;87.4585;234
8117;87.3535;235
9387;86.9940;236
8911;86.7585;237
4887;86.7030;238
6543;86.5050;239
2116;86.4380;240
7000;85.9715;241
4430;85.8220;242
4402;85.5905;243
6659;85.2585;244
4563;84.9840;245
20680;84.7970;246
15519;84.4995;247
12575;84.4825;248
6716;83.9900;249
7617;83.8145;250
7033;83.5530;251
23068;83.0745;252
6225;82.7425;253
16184;82.5595;254
1668;82.3325;255
3633;82.1240;256
8283;82.1225;257
14619;82.0690;258
4985;81.4585;259
5675;81.3095;260
21367;81.2365;261
5615;81.2250;262
15032;81.2215;263
5678;80.6425;264
2666;80.0615;265
11551;79.9830;266
5378;79.6125;267
4063;79.1120;268
1206;78.7475;269
4077;78.6955;270
11899;78.6925;271
8243;78.6185;272
7563;78.4975;273
2831;78.4320;274
10385;78.2440;275
8297;78.2350;276
18252;78.0810;277
3542;78.0745;278
7246;77.9365;279
2495;77.9165;280
16456;77.8415;281
7215;77.7440;282
6334;77.2765;283
6954;77.0800;284
3787;77.0725;285
20033;77.0145;286
4581;76.3445;287
17766;76.0810;288
10479;75.6810;289
6513;75.6450;290
16875;75.5830;291
4329;75.1410;292
12783;74.9090;293
16699;74.7820;294
4949;74.6690;295
4399;74.3275;296
3006;74.0140;297
6101;73.8655;298
6335;73.3740;299
3529;73.3315;300
5691;73.1750;301
10056;73.0645;302
3763;73.0545;303
11903;73.0395;304
17298;72.9810;305
4319;72.8360;306
3512;71.6610;307
2519;71.5840;308
7052;71.5835;309
1272;71.5825;310
7346;71.5630;311
13570;71.2410;312
4474;71.0575;313
6116;71.0455;314
6356;71.0455;314
2515;71.0065;316
5081;70.9385;317
17161;70.8315;318
21982;70.7625;319
3992;70.5780;320
7341;70.5520;321
10721;70.3505;322
9785;70.1715;323
7729;70.0845;324
7271;70.0450;325
5329;70.0355;326
5017;69.9475;327
16380;69.7055;328
10472;69.6985;329
20240;69.6805;330
3423;69.6090;331
20076;69.5415;332
10770;69.5050;333
19120;69.4540;334
5079;69.3940;335
16317;69.3230;336
2460;68.7880;337
3206;68.7300;338
6137;68.5820;339
10403;68.2600;340
1643;68.1995;341
5544;68.1170;342
9037;68.0375;343
24248;67.8430;344
5464;67.8220;345
6080;67.6345;346
12127;67.6340;347
6090;67.6190;348
4712;67.4775;349
8344;67.4430;350
4823;67.1815;351
3785;67.1260;352
16903;67.1175;353
23405;67.1120;354
12139;67.0145;355
2157;66.8210;356
2933;66.6535;357
23333;66.3330;358
12629;66.2170;359
5830;66.1660;360
4413;66.1615;361
14234;66.0275;362
17935;65.8245;363
17294;65.7115;364
17984;65.6655;365
11928;65.6010;366
2507;65.1630;367
1208;64.7615;368
12374;64.7035;369
13028;64.4635;370
3750;64.4000;371
12229;64.1515;372
20706;63.9905;373
6165;63.9610;374
4852;63.7245;375
2199;63.5240;376
6963;63.3730;377
3195;63.1620;378
4365;63.1325;379
10898;62.7080;380
13491;62.6545;381
19899;62.3965;382
15916;62.3490;383
6801;62.3250;384
14882;62.1640;385
19366;61.9235;386
18256;61.5360;387
4345;61.4410;388
4719;61.2615;389
9228;61.2590;390
9736;61.1285;391
3724;61.1130;392
15120;60.9840;393
5210;60.9345;394
4696;60.9205;395
2990;60.9035;396
7572;60.9015;397
6079;60.9000;398
4124;60.8920;399
5696;60.7700;400
10105;60.7155;401
7777;60.5525;402
1826;60.4390;403
18066;60.3540;404
7312;60.3165;405
11428;60.2860;406
3191;60.2420;407
3497;60.2355;408
1311;60.1905;409
5505;60.1375;410
10570;60.0715;411
9763;59.8930;412
10534;59.8455;413
4509;59.7415;414
16645;59.5700;415
5950;59.5170;416
11198;59.4340;417
3925;59.3940;418
8182;59.3835;419
6085;59.3335;420
10012;59.3295;421
8341;59.1535;422
5822;58.9915;423
18221;58.9855;424
7818;58.9795;425
9491;58.9405;426
13174;58.7455;427
13411;58.7065;428
23250;58.6770;429
5213;58.5915;430
15352;58.4205;431
8370;58.3855;432
7928;58.2540;433
8388;58.2270;434
12923;58.2185;435
17155;58.2000;436
7370;58.1315;437
9418;58.0580;438
10209;58.0140;439
8097;57.9935;440
2057;57.9255;441
12145;57.7500;442
8119;57.7305;443
14971;57.6595;444
5893;57.5580;445
5371;57.5560;446
5403;57.4810;447
16183;57.4145;448
12983;57.4075;449
4921;57.2640;450
13767;57.2605;451
4531;57.1570;452
1705;57.0290;453
1189;57.0070;454
18319;56.9965;455
16259;56.9375;456
7906;56.8405;457
6121;56.8235;458
4788;56.7005;459
16069;56.6525;460
5049;56.4695;461
12439;56.4585;462
21223;56.4115;463
2807;56.3135;464
12634;55.7985;465
6813;55.7635;466
6556;55.7610;467
2126;55.7315;468
6105;55.6760;469
5548;55.6200;470
2683;55.4260;471
1483;55.3390;472
11471;55.2835;473
5944;54.8935;474
9568;54.8930;475
10794;54.8385;476
2000;54.7540;477
4427;54.7375;478
2219;54.4590;479
6877;54.3685;480
7190;54.3615;481
17724;54.3345;482
7941;54.3050;483
21920;54.3050;483
6144;54.2485;485
22579;54.2010;486
3933;53.9290;487
6707;53.8705;488
1739;53.7275;489
7901;53.7080;490
7687;53.6040;491
2382;53.5030;492
1912;53.4645;493
3020;53.4370;494
21057;53.4135;495
1840;53.3820;496
2809;53.3680;497
4012;53.3365;498
2533;53.2565;499
1727;53.1650;500
5111;53.1390;501
9119;53.0680;502
15153;53.0015;503
7114;52.8990;504
17493;52.8885;505
7061;52.8350;506
20787;52.7460;507
2131;52.7060;508
5654;52.5015;509
4704;52.4675;510
1882;52.4080;511
1054;52.1700;512
1224;52.1485;513
1288;51.9835;514
3807;51.9060;515
4011;51.9015;516
4829;51.7900;517
6822;51.6895;518
3714;51.6265;519
17983;51.6265;519
9135;51.6235;521
5797;51.6120;522
3815;51.6020;523
4015;51.5580;524
6041;51.4560;525
3109;51.4135;526
15665;51.3230;527
2757;51.1640;528
5431;51.1305;529
11356;51.0710;530
6733;51.0470;531
20672;51.0250;532
9245;50.6770;533
6994;50.6475;534
2976;50.5750;535
1881;50.5740;536
5996;50.4600;537
1822;50.4460;538
4463;50.1020;539
8855;50.0695;540
17254;50.0415;541
8286;49.9550;542
5508;49.9495;543
5226;49.8435;544
1408;49.8200;545
1718;49.8070;546
16130;49.7415;547
17544;49.6940;548
1438;49.6905;549
1416;49.4510;550
6042;49.3855;551
4107;49.3320;552
2723;49.2830;553
18681;49.2005;554
21060;49.0465;555
4593;48.9105;556
11320;48.7910;557
7371;48.7040;558
18378;48.6405;559
1283;48.6350;560
5656;48.5865;561
21731;48.5315;562
5405;48.2535;563
16068;48.2130;564
6616;48.2095;565
10893;48.1840;566
8128;48.0060;567
1621;48.0015;568
1502;47.9900;569
18409;47.9190;570
4360;47.8315;571
4097;47.7190;572
1433;47.5955;573
1297;47.4450;574
4707;47.3430;575
22618;47.3075;576
19780;47.2795;577
8593;47.2665;578
2774;47.2310;579
6086;47.2105;580
6370;47.2030;581
15508;47.1500;582
6249;47.1310;583
11355;47.0520;584
7939;47.0485;585
13074;47.0370;586
4066;47.0230;587
5192;47.0005;588
1945;46.9255;589
20797;46.8840;590
5142;46.8075;591
2158;46.7785;592
6522;46.7565;593
3104;46.4320;594
2827;46.4310;595
1952;46.4115;596
11834;46.4005;597
11444;46.3845;598
18625;46.3380;599
18032;46.3150;600
4682;46.1585;601
18557;46.0435;602
11401;45.9450;603
6800;45.8850;604
4848;45.7870;605
10023;45.6615;606
5264;45.6475;607
19644;45.6160;608
13622;45.5980;609
10401;45.5845;610
2998;45.4965;611
23184;45.4175;612
2660;45.3220;613
21769;45.2535;614
14525;45.2380;615
1831;45.1425;616
19926;45.1100;617
23209;45.0580;618
12018;45.0105;619
6338;44.9635;620
9155;44.9560;621
15906;44.9400;622
6355;44.9180;623
3775;44.9155;624
5932;44.9105;625
8931;44.8895;626
18896;44.8795;627
6539;44.8640;628
14973;44.8325;629
19579;44.8320;630
21314;44.8225;631
2512;44.6645;632
2642;44.5505;633
18354;44.5380;634
21408;44.4735;635
3005;44.3370;636
4061;44.3285;637
11942;44.3080;638
18501;44.2785;639
10045;44.2500;640
7090;44.2400;641
2891;44.2360;642
4261;44.2155;643
7209;44.2145;644
6598;44.1530;645
4200;44.0865;646
1683;44.0225;647
1030;44.0100;648
8970;43.9765;649
10938;43.8985;650
18859;43.6670;651
19474;43.6310;652
4519;43.6105;653
3821;43.5990;654
1286;43.5055;655
5957;43.5055;655
3237;43.4730;657
8165;43.4210;658
20223;43.3650;659
2580;43.3550;660
6382;43.2350;661
20186;43.2105;662
4157;43.1370;663
2185;43.1055;664
5286;43.0210;665
8359;42.9955;666
2888;42.9420;667
7712;42.9010;668
7239;42.8745;669
22262;42.8410;670
6830;42.8355;671
17775;42.7620;672
18260;42.6490;673
9702;42.6070;674
17675;42.5175;675
6634;42.5165;676
18785;42.4520;677
1147;42.3300;678
2398;42.3145;679
21880;42.2765;680
12777;42.2315;681
1352;42.1655;682
16135;42.1620;683
6348;42.1185;684
1772;42.0895;685
4043;42.0730;686
1508;42.0680;687
4473;42.0475;688
3801;41.9820;689
19189;41.9205;690
15922;41.9090;691
3029;41.7955;692
5123;41.7700;693
6108;41.7420;694
6812;41.7355;695
6705;41.7205;696
3464;41.7065;697
5523;41.6775;698
9734;41.6750;699
6040;41.5745;700
3562;41.5725;701
13828;41.5245;702
9549;41.3465;703
14157;41.3075;704
6414;41.0880;705
14965;41.0695;706
1291;41.0605;707
20259;41.0580;708
20047;40.9840;709
14250;40.9755;710
1736;40.9510;711
18558;40.9470;712
8288;40.9280;713
7814;40.9155;714
6978;40.8685;715
16717;40.8525;716
3867;40.8370;717
1608;40.8105;718
13882;40.7170;719
3740;40.7055;720
12269;40.6350;721
2862;40.5255;722
5889;40.5100;723
11813;40.4755;724
2794;40.4245;725
3422;40.3700;726
20178;40.3630;727
8043;40.3190;728
18479;40.2650;729
2681;40.2470;730
19197;40.2310;731
14609;40.0585;732
3185;40.0435;733
6488;39.9235;734
9253;39.8525;735
5357;39.8115;736
3430;39.6875;737
9464;39.6465;738
17008;39.6100;739
10793;39.5795;740
3351;39.5265;741
4067;39.5130;742
10335;39.5045;743
8411;39.4670;744
5852;39.3855;745
5045;39.3525;746
4798;39.3145;747
11595;39.3060;748
4632;39.2750;749
18417;39.2665;750
18251;39.2620;751
3881;39.2610;752
9283;39.1555;753
8929;39.1270;754
4207;39.1245;755
4435;39.0915;756
9679;39.0565;757
16793;39.0095;758
16178;38.9985;759
2426;38.9905;760
1090;38.9560;761
12093;38.8210;762
6672;38.8040;763
5988;38.7445;764
12779;38.7205;765
3744;38.7075;766
8271;38.6390;767
14252;38.5975;768
4808;38.5930;769
4660;38.5715;770
19938;38.5250;771
20978;38.5060;772
4001;38.4705;773
6103;38.4170;774
9355;38.4045;775
7568;38.3250;776
15044;38.2425;777
19518;38.2310;778
3170;38.1970;779
1410;38.1375;780
10548;38.0290;781
21471;38.0235;782
1097;38.0185;783
1916;38.0050;784
14186;37.9975;785
20260;37.9855;786
5920;37.9410;787
7782;37.9065;788
4541;37.8885;789
1299;37.8300;790
9201;37.7920;791
10352;37.6625;792
21890;37.6445;793
18932;37.6290;794
6697;37.6185;795
5108;37.6080;796
10447;37.5620;797
14626;37.5390;798
6186;37.5335;799
6385;37.5275;800
6817;37.5140;801
20298;37.5040;802
13904;37.4545;803
22574;37.4285;804
8859;37.2775;805
4143;37.1670;806
2958;37.1535;807
5649;37.1155;808
5216;37.1090;809
21315;37.0175;810
22169;36.9705;811
7722;36.8340;812
21478;36.7865;813
3636;36.5900;814
10541;36.5585;815
4103;36.5415;816
16936;36.4820;817
7642;36.2695;818
1770;36.2630;819
18220;36.1360;820
3696;36.1300;821
6648;36.0805;822
9006;36.0610;823
18128;36.0435;824
16065;36.0175;825
1744;35.9715;826
17046;35.9440;827
4109;35.9020;828
2954;35.8905;829
2037;35.8425;830
2846;35.8225;831
7545;35.8110;832
14960;35.5940;833
19345;35.4130;834
9542;35.3720;835
5033;35.3575;836
1486;35.3020;837
6018;35.2805;838
5211;35.2130;839
18502;35.0080;840
15023;34.9755;841
7152;34.9480;842
22316;34.9365;843
17361;34.9345;844
3103;34.9285;845
16616;34.9185;846
4404;34.8850;847
12985;34.8070;848
15621;34.7235;849
2663;34.6930;850
12220;34.5920;851
6824;34.5650;852
14688;34.5300;853
5582;34.5095;854
7854;34.5025;855
18642;34.4615;856
19912;34.4220;857
21850;34.4035;858
16729;34.3710;859
2479;34.3700;860
4494;34.3650;861
7812;34.3590;862
20153;34.2630;863
3844;34.2500;864
5510;34.1570;865
5900;34.1165;866
20922;34.0640;867
11358;34.0410;868
3001;34.0310;869
6818;34.0170;870
2678;34.0030;871
8343;33.9710;872
21501;33.8195;873
2671;33.8070;874
15655;33.7985;875
5730;33.7630;876
21502;33.7055;877
19705;33.6230;878
1152;33.6090;879
1901;33.5285;880
9291;33.5225;881
2436;33.4330;882
12362;33.4175;883
6346;33.3670;884
2443;33.2930;885
1713;33.2895;886
14369;33.2835;887
3184;33.2700;888
17411;33.2155;889
5021;33.2130;890
8316;33.1900;891
3861;33.1735;892
4920;33.1300;893
4187;33.1280;894
11800;33.0695;895
16784;33.0655;896
12492;33.0500;897
11423;33.0405;898
6940;33.0260;899
5118;33.0110;900
18011;32.9690;901
4469;32.9305;902
3618;32.9275;903
21012;32.9210;904
5713;32.9175;905
10107;32.8970;906
22210;32.8855;907
1843;32.8720;908
1354;32.8175;909
3620;32.8105;910
20302;32.8005;911
9555;32.7680;912
10022;32.7605;913
7984;32.7195;914
6014;32.6370;915
13140;32.5000;916
1321;32.4980;917
5421;32.4640;918
1628;32.4015;919
24155;32.4010;920
21338;32.3730;921
13118;32.3510;922
1848;32.3205;923
7926;32.3070;924
4772;32.2215;925
20222;32.2190;926
6765;32.1995;927
7405;32.1555;928
4042;32.1445;929
13616;32.1135;930
12129;32.1125;931
4148;32.1065;932
8802;32.0545;933
10017;32.0435;934
9001;32.0425;935
21536;32.0260;936
7542;31.9520;937
10870;31.9255;938
15814;31.8415;939
7690;31.8195;940
6591;31.8045;941
13065;31.8025;942
11447;31.7775;943
13084;31.7550;944
2823;31.7490;945
5890;31.7165;946
11940;31.7085;947
5430;31.6700;948
4618;31.6160;949
14694;31.6155;950
17494;31.6095;951
19721;31.6095;951
2502;31.5985;953
23155;31.5530;954
17301;31.5250;955
16879;31.4325;956
16716;31.4165;957
1892;31.4090;958
15757;31.3750;959
16586;31.3690;960
16475;31.3400;961
1787;31.3305;962
1207;31.3240;963
8951;31.3100;964
15582;31.2960;965
21533;31.2460;966
8078;31.1550;967
18166;31.1495;968
13591;31.1025;969
5785;30.9750;970
7053;30.9645;971
8052;30.8500;972
5367;30.8250;973
2601;30.7965;974
7501;30.7655;975
6900;30.7595;976
23633;30.7470;977
1785;30.7120;978
8109;30.6770;979
6003;30.6635;980
4297;30.5705;981
24238;30.5700;982
2036;30.5190;983
7975;30.4925;984
4876;30.4665;985
3987;30.4555;986
5672;30.4000;987
15633;30.3625;988
1072;30.3610;989
2146;30.3550;990
6823;30.2960;991
21220;30.2790;992
10890;30.2650;993
9241;30.2345;994
4145;30.2310;995
20038;30.2110;996
18862;30.1485;997
15715;30.1350;998
8565;30.1000;999
14789;30.0540;1000
4807;29.9525;1001
12317;29.9310;1002
1045;29.8635;1003
7494;29.8395;1004
22252;29.8000;1005
15975;29.7415;1006
3554;29.7205;1007
2907;29.6795;1008
4523;29.6290;1009
4240;29.5925;1010
9562;29.4735;1011
20201;29.4425;1012
1691;29.4260;1013
5386;29.3755;1014
6447;29.3365;1015
15988;29.2975;1016
21548;29.2940;1017
10191;29.2720;1018
4968;29.2350;1019
21083;29.1985;1020
7909;29.1820;1021
5156;29.1475;1022
7937;29.1420;1023
3231;29.0950;1024
4160;29.0400;1025
6441;29.0375;1026
14276;29.0115;1027
3232;28.9905;1028
16145;28.9480;1029
3868;28.8765;1030
12383;28.8640;1031
8450;28.8515;1032
5242;28.8285;1033
5134;28.7900;1034
1597;28.7895;1035
4358;28.7810;1036
8853;28.7180;1037
13387;28.6400;1038
9020;28.6370;1039
4601;28.5965;1040
9162;28.5955;1041
3221;28.5835;1042
1648;28.5530;1043
1474;28.5110;1044
14441;28.4795;1045
6128;28.3950;1046
2524;28.3420;1047
2804;28.3330;1048
19244;28.2315;1049
17214;28.2000;1050
4559;28.1905;1051
21979;28.1105;1052
3085;28.1085;1053
1066;28.0825;1054
1250;28.0665;1055
7401;28.0410;1056
6915;28.0205;1057
5436;28.0195;1058
6932;27.9350;1059
13181;27.8780;1060
5185;27.8745;1061
1604;27.8535;1062
22667;27.8050;1063
1257;27.7980;1064
19245;27.7460;1065
18778;27.6995;1066
1456;27.6820;1067
20116;27.6745;1068
6129;27.5960;1069
1402;27.5505;1070
1105;27.5495;1071
12045;27.5135;1072
21893;27.4715;1073
8797;27.4520;1074
11588;27.4260;1075
2109;27.4045;1076
14226;27.3980;1077
3063;27.3750;1078
9197;27.3280;1079
21391;27.3055;1080
7093;27.3040;1081
8212;27.3015;1082
3532;27.2645;1083
9039;27.2385;1084
18677;27.2280;1085
4095;27.2150;1086
15156;27.1890;1087
14006;27.1480;1088
15643;27.1470;1089
10571;27.0810;1090
2103;27.0330;1091
8768;26.9900;1092
8166;26.9255;1093
18018;26.9200;1094
2523;26.9145;1095
11493;26.9015;1096
7544;26.8835;1097
10862;26.8835;1097
14481;26.8225;1099
4802;26.8195;1100
3802;26.7965;1101
7991;26.7705;1102
4818;26.7605;1103
4488;26.7180;1104
10507;26.7155;1105
1183;26.7125;1106
16989;26.7120;1107
6703;26.6875;1108
20131;26.6775;1109
22232;26.6640;1110
15802;26.6430;1111
8124;26.6120;1112
12264;26.5990;1113
8994;26.5665;1114
21847;26.5640;1115
3864;26.5225;1116
20025;26.4875;1117
4364;26.4680;1118
14956;26.4670;1119
8251;26.4065;1120
19157;26.3835;1121
4017;26.3410;1122
1274;26.3230;1123
1361;26.3070;1124
18826;26.2990;1125
7473;26.2765;1126
8986;26.2255;1127
4064;26.1695;1128
4030;26.1630;1129
14454;26.1445;1130
19422;26.1265;1131
1590;26.1195;1132
5340;26.0835;1133
19106;26.0830;1134
15647;26.0450;1135
3096;26.0015;1136
7620;25.9760;1137
3168;25.9225;1138
12272;25.8875;1139
8389;25.8870;1140
4416;25.8800;1141
1641;25.8630;1142
20010;25.8545;1143
4332;25.8165;1144
13707;25.8020;1145
6215;25.8015;1146
23339;25.7540;1147
20641;25.7455;1148
5050;25.7170;1149
5025;25.6870;1150
1537;25.6760;1151
5519;25.6490;1152
20168;25.6235;1153
2546;25.6135;1154
14845;25.6020;1155
1592;25.5755;1156
11109;25.5420;1157
6638;25.5385;1158
13170;25.5320;1159
5497;25.4760;1160
4350;25.4645;1161
9594;25.4610;1162
5490;25.4590;1163
7605;25.4240;1164
2572;25.4115;1165
5315;25.3865;1166
11161;25.3665;1167
3454;25.3640;1168
17837;25.3075;1169
9607;25.2940;1170
18964;25.2845;1171
1982;25.2685;1172
15769;25.2660;1173
19386;25.2605;1174
21272;25.2550;1175
9468;25.2175;1176
14586;25.2165;1177
1071;25.2095;1178
5298;25.2010;1179
3635;25.1875;1180
22362;25.1855;1181
13920;25.1520;1182
16161;25.0840;1183
5435;25.0820;1184
5967;25.0665;1185
23218;25.0620;1186
16187;25.0220;1187
7578;25.0200;1188
16693;25.0000;1189
5968;24.9840;1190
13339;24.9835;1191
13359;24.9745;1192
9231;24.9465;1193
4540;24.9190;1194
17916;24.9170;1195
21647;24.8825;1196
18222;24.8815;1197
5870;24.8785;1198
10886;24.8555;1199
16795;24.8200;1200
1495;24.8015;1201
1769;24.7705;1202
13779;24.7525;1203
2525;24.7395;1204
5348;24.7155;1205
15357;24.7145;1206
17180;24.7000;1207
6684;24.6450;1208
11180;24.6345;1209
22245;24.5730;1210
10709;24.5450;1211
4375;24.4875;1212
4628;24.4825;1213
8057;24.4780;1214
12927;24.4435;1215
12503;24.4105;1216
6612;24.3580;1217
9118;24.3495;1218
18901;24.3455;1219
17017;24.3035;1220
16476;24.2425;1221
14780;24.2220;1222
6151;24.2160;1223
13993;24.2055;1224
4429;24.1910;1225
1126;24.1765;1226
5321;24.1550;1227
17528;24.1155;1228
12012;24.1125;1229
3707;24.1095;1230
16789;24.1055;1231
11573;24.1045;1232
7130;24.0900;1233
7691;24.0835;1234
17640;24.0485;1235
12854;24.0250;1236
6702;23.9970;1237
7475;23.9585;1238
5973;23.9095;1239
2597;23.8655;1240
14836;23.8180;1241
20133;23.8100;1242
19718;23.8080;1243
1427;23.7420;1244
18996;23.7390;1245
11477;23.7205;1246
10104;23.7095;1247
8563;23.7005;1248
19723;23.6995;1249
2566;23.6900;1250
16460;23.6615;1251
4775;23.6595;1252
4780;23.6585;1253
16707;23.6560;1254
2310;23.6245;1255
6148;23.6095;1256
15040;23.5855;1257
20318;23.5805;1258
2223;23.5280;1259
21851;23.5265;1260
22119;23.4990;1261
13249;23.4970;1262
20830;23.4820;1263
1006;23.4785;1264
10540;23.4680;1265
5064;23.4660;1266
15840;23.4650;1267
10340;23.4515;1268
16369;23.4240;1269
12253;23.4230;1270
16695;23.4120;1271
4670;23.4030;1272
23560;23.4005;1273
18993;23.3955;1274
19727;23.3825;1275
7117;23.3790;1276
14584;23.3790;1276
12861;23.3755;1278
17228;23.3715;1279
22817;23.3705;1280
19984;23.2980;1281
1216;23.2925;1282
16799;23.2485;1283
5858;23.2435;1284
20170;23.2260;1285
13089;23.2240;1286
11770;23.1900;1287
2914;23.1330;1288
21578;23.1250;1289
6255;23.0940;1290
2229;23.0925;1291
16728;23.0895;1292
7695;23.0710;1293
9595;23.0695;1294
5248;23.0500;1295
21337;23.0470;1296
1806;23.0455;1297
19475;23.0215;1298
4219;23.0095;1299
12968;23.0050;1300
14466;22.9980;1301
4352;22.9785;1302
1571;22.9630;1303
7080;22.9500;1304
7882;22.9365;1305
8980;22.9290;1306
11400;22.9285;1307
7871;22.9260;1308
7155;22.8725;1309
1599;22.8700;1310
12046;22.8630;1311
3186;22.8375;1312
18897;22.7740;1313
21908;22.7465;1314
18933;22.7450;1315
12473;22.7255;1316
18250;22.6715;1317
8638;22.6380;1318
12914;22.6360;1319
10561;22.6290;1320
3743;22.6200;1321
22463;22.5710;1322
13718;22.5675;1323
10465;22.5585;1324
5565;22.5535;1325
4820;22.5490;1326
9620;22.5360;1327
17738;22.4975;1328
16461;22.4620;1329
1149;22.4530;1330
3281;22.4450;1331
17451;22.4230;1332
2350;22.4105;1333
21365;22.3765;1334
2545;22.3555;1335
5280;22.3050;1336
3693;22.2600;1337
2040;22.2405;1338
2497;22.2350;1339
5632;22.2060;1340
18187;22.1915;1341
6136;22.1710;1342
2093;22.1695;1343
17969;22.1660;1344
3356;22.1635;1345
5487;22.1580;1346
21582;22.0770;1347
21351;21.9815;1348
21756;21.9260;1349
14401;21.9130;1350
20919;21.8985;1351
23794;21.8925;1352
1195;21.8185;1353
5845;21.8130;1354
16315;21.7920;1355
1693;21.7865;1356
4105;21.7615;1357
2748;21.7225;1358
15184;21.7160;1359
17274;21.7160;1359
16862;21.6710;1361
6368;21.6615;1362
5680;21.6295;1363
12456;21.6230;1364
1615;21.5940;1365
9367;21.5875;1366
6956;21.5605;1367
4191;21.5520;1368
19833;21.5260;1369
21368;21.5230;1370
21690;21.5230;1370
5828;21.4960;1372
21144;21.4910;1373
9558;21.4780;1374
10799;21.4730;1375
16296;21.4445;1376
18827;21.4435;1377
7158;21.4285;1378
7591;21.4270;1379
3030;21.4265;1380
18482;21.3945;1381
4781;21.3900;1382
8426;21.3815;1383
3823;21.3625;1384
13156;21.3405;1385
12478;21.3235;1386
12277;21.2875;1387
3370;21.2840;1388
5422;21.2645;1389
9600;21.2585;1390
6139;21.2450;1391
10225;21.2375;1392
11758;21.2320;1393
7044;21.2285;1394
4396;21.2200;1395
5585;21.2165;1396
11637;21.1785;1397
5450;21.1675;1398
19763;21.1570;1399
17554;21.1475;1400
18647;21.1465;1401
8225;21.1435;1402
7290;21.1380;1403
10869;21.1125;1404
17869;21.0975;1405
21704;21.0950;1406
6562;21.0940;1407
7663;21.0940;1407
9710;21.0920;1409
17821;21.0465;1410
4621;21.0160;1411
6917;20.9620;1412
16676;20.9605;1413
6627;20.9295;1414
2074;20.9015;1415
21902;20.9010;1416
10651;20.8960;1417
16231;20.8640;1418
10899;20.8535;1419
5438;20.8515;1420
1632;20.8350;1421
1155;20.8120;1422
9587;20.8000;1423
1820;20.7745;1424
18399;20.7505;1425
17157;20.7435;1426
6026;20.7380;1427
8854;20.7090;1428
8785;20.6880;1429
18699;20.6635;1430
7079;20.6575;1431
6093;20.6475;1432
19722;20.6350;1433
1482;20.6220;1434
8247;20.5730;1435
20294;20.5725;1436
14165;20.5685;1437
24180;20.5605;1438
22045;20.5365;1439
13328;20.5335;1440
18195;20.5230;1441
13134;20.4790;1442
5356;20.4330;1443
11155;20.4205;1444
1277;20.4085;1445
2775;20.4000;1446
6329;20.3860;1447
20117;20.3735;1448
20881;20.3655;1449
7479;20.3480;1450
13970;20.3200;1451
19775;20.3105;1452
4197;20.3025;1453
20003;20.2935;1454
7109;20.2905;1455
21538;20.2790;1456
7484;20.2760;1457
11325;20.2570;1458
22258;20.2440;1459
19776;20.2305;1460
3765;20.2010;1461
10094;20.1425;1462
19720;20.0875;1463
6030;20.0800;1464
23183;20.0705;1465
3739;20.0660;1466
15644;20.0375;1467
13342;20.0290;1468
9764;20.0285;1469
6507;20.0020;1470
4179;19.9970;1471
1169;19.9760;1472
2672;19.9405;1473
6559;19.9325;1474
7736;19.9310;1475
2952;19.9235;1476
3788;19.9040;1477
12846;19.8630;1478
21124;19.8510;1479
7656;19.8485;1480
3909;19.7995;1481
2087;19.7865;1482
6140;19.7640;1483
3444;19.7505;1484
15226;19.7485;1485
19380;19.7410;1486
1005;19.6890;1487
1725;19.6290;1488
16341;19.6205;1489
18684;19.5725;1490
2105;19.5155;1491
9122;19.5065;1492
4686;19.4700;1493
5834;19.4585;1494
15263;19.4490;1495
5681;19.4445;1496
1968;19.4395;1497
9322;19.4125;1498
2631;19.4015;1499
8253;19.3995;1500
19085;19.3705;1501
5921;19.3610;1502
6995;19.2825;1503
15217;19.2635;1504
17018;19.2630;1505
14534;19.2585;1506
15260;19.2575;1507
14181;19.2215;1508
12920;19.2095;1509
21591;19.2090;1510
10493;19.1785;1511
18494;19.1755;1512
7717;19.1595;1513
16787;19.1585;1514
12680;19.1465;1515
1827;19.1360;1516
21510;19.1075;1517
22826;19.1020;1518
5572;19.0945;1519
1888;19.0730;1520
1380;19.0675;1521
17061;19.0670;1522
7989;19.0415;1523
10426;19.0400;1524
7327;19.0250;1525
6929;19.0245;1526
5055;19.0015;1527
1662;18.9885;1528
20898;18.9575;1529
11662;18.9475;1530
11503;18.9170;1531
12508;18.9165;1532
1270;18.9160;1533
17299;18.9140;1534
13462;18.9040;1535
4783;18.9010;1536
21677;18.9005;1537
5166;18.8945;1538
5652;18.8515;1539
1137;18.8430;1540
3911;18.8385;1541
5525;18.8350;1542
4008;18.8215;1543
9110;18.8060;1544
4142;18.8045;1545
2902;18.7955;1546
11806;18.7565;1547
19103;18.7535;1548
6049;18.7330;1549
13385;18.7280;1550
8356;18.7245;1551
13076;18.7235;1552
22752;18.7025;1553
10118;18.6955;1554
7811;18.6450;1555
21601;18.6380;1556
3389;18.6275;1557
13841;18.6135;1558
21054;18.6070;1559
4958;18.6045;1560
20140;18.5500;1561
21712;18.4950;1562
8793;18.4615;1563
8520;18.4550;1564
17854;18.4380;1565
18491;18.4365;1566
1576;18.4275;1567
21465;18.4120;1568
1313;18.4040;1569
1239;18.3950;1570
9424;18.3885;1571
17820;18.3880;1572
1455;18.3805;1573
9096;18.3760;1574
16736;18.3675;1575
7966;18.3430;1576
1287;18.3070;1577
6357;18.2920;1578
16470;18.2900;1579
18473;18.2870;1580
1707;18.2240;1581
10324;18.2205;1582
19484;18.2010;1583
16727;18.1890;1584
23013;18.1745;1585
12435;18.1480;1586
20988;18.1415;1587
5560;18.1400;1588
21822;18.1225;1589
7800;18.1145;1590
1260;18.0815;1591
25700;18.0300;1592
5186;18.0220;1593
19403;18.0200;1594
22012;18.0160;1595
4161;18.0150;1596
10905;18.0120;1597
20124;18.0065;1598
10954;18.0020;1599
19432;17.9995;1600
10713;17.9975;1601
5203;17.9870;1602
15239;17.9630;1603
2119;17.9355;1604
9462;17.9335;1605
10415;17.9175;1606
6854;17.9015;1607
10343;17.8995;1608
12023;17.8835;1609
7102;17.8765;1610
9195;17.8730;1611
3434;17.8570;1612
11104;17.8425;1613
10237;17.8390;1614
7492;17.8015;1615
6074;17.7920;1616
8526;17.7865;1617
20349;17.7770;1618
4731;17.7595;1619
5509;17.7515;1620
4034;17.7080;1621
15688;17.6925;1622
14166;17.6870;1623
10576;17.6830;1624
13762;17.6805;1625
8379;17.6655;1626
9332;17.6595;1627
18320;17.6480;1628
19233;17.5750;1629
15749;17.5715;1630
11092;17.5690;1631
14508;17.5440;1632
18821;17.5270;1633
19404;17.5255;1634
12000;17.5230;1635
21658;17.5205;1636
4222;17.4975;1637
23288;17.4825;1638
5358;17.4750;1639
3408;17.4690;1640
1893;17.4560;1641
6921;17.4380;1642
13583;17.4360;1643
14699;17.4260;1644
15649;17.4000;1645
16765;17.3975;1646
21558;17.3865;1647
4812;17.3800;1648
4755;17.3735;1649
17242;17.3515;1650
2712;17.3420;1651
19663;17.2655;1652
18644;17.2250;1653
8177;17.2180;1654
15412;17.1970;1655
11293;17.1750;1656
2736;17.1510;1657
14679;17.1200;1658
1864;17.1025;1659
22170;17.0910;1660
13906;17.0155;1661
23252;16.9780;1662
17836;16.9610;1663
23418;16.9545;1664
15913;16.9540;1665
1467;16.9490;1666
21487;16.9460;1667
11590;16.9260;1668
5712;16.9075;1669
6443;16.8955;1670
11476;16.8955;1670
1670;16.8800;1672
6445;16.8790;1673
2324;16.8590;1674
18076;16.8590;1674
3841;16.8505;1676
19346;16.8205;1677
7759;16.8090;1678
16637;16.7840;1679
8347;16.6985;1680
12298;16.6740;1681
19388;16.6705;1682
14692;16.6180;1683
5261;16.6150;1684
1104;16.6145;1685
3834;16.6080;1686
11421;16.5850;1687
19420;16.5755;1688
21666;16.5665;1689
19480;16.5480;1690
8415;16.5380;1691
7750;16.5335;1692
7613;16.5275;1693
15176;16.5275;1693
16997;16.4985;1695
2025;16.4795;1696
2115;16.4725;1697
3448;16.4695;1698
16373;16.4545;1699
11521;16.4445;1700
1879;16.4415;1701
23208;16.4310;1702
6130;16.4200;1703
5350;16.4145;1704
10821;16.3875;1705
15313;16.3485;1706
1782;16.3365;1707
13911;16.3315;1708
19123;16.3165;1709
19001;16.2970;1710
14660;16.2900;1711
10687;16.2855;1712
5783;16.2820;1713
2872;16.2705;1714
5485;16.2670;1715
21208;16.2660;1716
4441;16.2525;1717
17434;16.2400;1718
1906;16.2270;1719
11219;16.2265;1720
20250;16.2155;1721
17230;16.2145;1722
14043;16.2130;1723
1053;16.2085;1724
5545;16.2005;1725
17951;16.1985;1726
18603;16.1875;1727
5614;16.1840;1728
12263;16.1590;1729
1392;16.1325;1730
8816;16.1010;1731
21512;16.0940;1732
19770;16.0730;1733
7821;16.0655;1734
1634;16.0635;1735
1613;16.0390;1736
16213;15.9815;1737
16996;15.9635;1738
19777;15.9635;1738
12224;15.9605;1740
5924;15.9195;1741
19630;15.9150;1742
11787;15.9100;1743
7229;15.9070;1744
7555;15.8930;1745
21181;15.8920;1746
18165;15.8890;1747
8335;15.8595;1748
22231;15.8380;1749
6358;15.8310;1750
18801;15.8220;1751
7166;15.8150;1752
4035;15.8115;1753
5426;15.8020;1754
5102;15.7900;1755
1835;15.7880;1756
9774;15.7865;1757
13899;15.7855;1758
9167;15.7820;1759
6918;15.7725;1760
18842;15.7710;1761
22157;15.7625;1762
20167;15.7610;1763
23012;15.7560;1764
12250;15.7540;1765
1058;15.7535;1766
12860;15.7445;1767
12318;15.7405;1768
4014;15.7375;1769
7614;15.7265;1770
11518;15.7175;1771
1616;15.6835;1772
11506;15.6675;1773
16412;15.6445;1774
5564;15.6135;1775
7167;15.6100;1776
8287;15.6060;1777
3705;15.5935;1778
19684;15.5885;1779
3056;15.5825;1780
17281;15.5805;1781
8825;15.5410;1782
3311;15.5170;1783
3309;15.4545;1784
2261;15.4475;1785
23713;15.4470;1786
24472;15.4310;1787
16439;15.4125;1788
6752;15.3780;1789
16675;15.3745;1790
9360;15.3730;1791
6152;15.3645;1792
14655;15.3615;1793
7636;15.3610;1794
5259;15.3420;1795
12714;15.3190;1796
1910;15.3135;1797
5836;15.3100;1798
13886;15.3075;1799
6387;15.3020;1800
21821;15.2945;1801
10937;15.2655;1802
18943;15.2450;1803
19391;15.2405;1804
6099;15.2360;1805
16778;15.2245;1806
2753;15.2165;1807
18952;15.1940;1808
10455;15.1700;1809
18119;15.1680;1810
22370;15.1415;1811
1803;15.1310;1812
1645;15.1110;1813
18774;15.1085;1814
13905;15.0970;1815
16221;15.0725;1816
5096;15.0720;1817
10809;15.0490;1818
21129;15.0475;1819
14388;15.0350;1820
21009;15.0000;1821
7496;14.9750;1822
10222;14.9660;1823
3799;14.9605;1824
23462;14.9455;1825
21765;14.9445;1826
18951;14.9235;1827
2913;14.8890;1828
14476;14.8550;1829
1154;14.8245;1830
2346;14.8095;1831
10674;14.7940;1832
1022;14.7865;1833
19485;14.7790;1834
6546;14.7765;1835
7004;14.7680;1836
7025;14.7500;1837
6982;14.7170;1838
21528;14.6970;1839
6402;14.6890;1840
3927;14.6880;1841
9115;14.6860;1842
18505;14.6855;1843
19472;14.6830;1844
21691;14.6670;1845
8428;14.6515;1846
13520;14.6480;1847
7065;14.6285;1848
12376;14.6215;1849
14000;14.5935;1850
2517;14.5920;1851
2030;14.5900;1852
2836;14.5880;1853
15722;14.5725;1854
19604;14.5705;1855
1908;14.5340;1856
13033;14.5230;1857
11853;14.5225;1858
3800;14.5135;1859
12870;14.5025;1860
7087;14.4895;1861
17453;14.4765;1862
7859;14.4760;1863
3564;14.4610;1864
20120;14.4610;1864
7042;14.4565;1866
16070;14.4555;1867
1891;14.4390;1868
19352;14.4220;1869
5811;14.4190;1870
17383;14.4145;1871
19122;14.3980;1872
1480;14.3795;1873
8164;14.3795;1873
19390;14.3270;1875
4052;14.3225;1876
3337;14.3120;1877
2447;14.3085;1878
15107;14.3020;1879
3733;14.2825;1880
17810;14.2710;1881
1234;14.2575;1882
7060;14.2185;1883
3098;14.2090;1884
7500;14.2085;1885
21390;14.1865;1886
6549;14.1705;1887
20171;14.1695;1888
5635;14.1680;1889
20436;14.1670;1890
2283;14.1505;1891
18433;14.1395;1892
22247;14.1230;1893
2365;14.1170;1894
7063;14.1125;1895
14368;14.0810;1896
8574;14.0665;1897
20977;14.0260;1898
21723;14.0250;1899
19921;14.0205;1900
6873;14.0000;1901
1444;13.9835;1902
2820;13.9790;1903
6332;13.9565;1904
17741;13.9365;1905
10500;13.9265;1906
11836;13.9215;1907
7986;13.9115;1908
12316;13.9025;1909
13139;13.9000;1910
6323;13.8995;1911
14375;13.8670;1912
2390;13.8560;1913
5325;13.8550;1914
9623;13.8475;1915
12535;13.8380;1916
3049;13.8295;1917
14416;13.8245;1918
16370;13.8225;1919
4590;13.8125;1920
9356;13.8075;1921
11681;13.7930;1922
13087;13.7870;1923
16177;13.7805;1924
12460;13.7740;1925
9210;13.7590;1926
4904;13.7325;1927
5804;13.7310;1928
4701;13.7110;1929
21219;13.7110;1929
21959;13.7010;1931
5019;13.6945;1932
18403;13.6945;1932
5244;13.6840;1934
13842;13.6690;1935
12303;13.6580;1936
14283;13.6280;1937
11466;13.6210;1938
21210;13.6210;1938
18436;13.6045;1940
5369;13.5700;1941
21182;13.5425;1942
18270;13.5410;1943
8194;13.5385;1944
1478;13.5325;1945
15350;13.5165;1946
8206;13.4995;1947
1163;13.4975;1948
4315;13.4920;1949
11110;13.4650;1950
3621;13.4535;1951
19425;13.4530;1952
4873;13.4450;1953
12651;13.4440;1954
14051;13.4435;1955
7621;13.4330;1956
4595;13.4155;1957
3010;13.4050;1958
9818;13.3875;1959
12507;13.3865;1960
11386;13.3750;1961
4633;13.3610;1962
4282;13.3600;1963
5983;13.3590;1964
5651;13.3300;1965
6111;13.3260;1966
7187;13.3240;1967
14417;13.3040;1968
5954;13.3020;1969
7704;13.2805;1970
1631;13.2750;1971
16336;13.2610;1972
3805;13.2550;1973
22067;13.2530;1974
13019;13.2340;1975
5215;13.2300;1976
17998;13.2275;1977
4480;13.2105;1978
15203;13.2050;1979
4490;13.1950;1980
19410;13.1930;1981
3588;13.1765;1982
16888;13.1665;1983
10790;13.1650;1984
9994;13.1365;1985
20118;13.1290;1986
9094;13.1255;1987
12173;13.0840;1988
14179;13.0825;1989
10488;13.0675;1990
16724;13.0595;1991
17156;13.0365;1992
9924;13.0040;1993
15395;13.0030;1994
3131;13.0015;1995
8330;12.9990;1996
24136;12.9925;1997
19463;12.9805;1998
1894;12.9790;1999
3969;12.9730;2000
6580;12.9590;2001
1755;12.9515;2002
13602;12.9455;2003
12327;12.9375;2004
10864;12.9235;2005
22189;12.9220;2006
7561;12.9145;2007
7815;12.9040;2008
22755;12.8960;2009
17051;12.8840;2010
20770;12.8830;2011
13653;12.8800;2012
3300;12.8790;2013
17480;12.8790;2013
18936;12.8660;2015
19086;12.8650;2016
1873;12.8630;2017
18561;12.8405;2018
16092;12.8310;2019
17585;12.8235;2020
7701;12.8215;2021
4885;12.8190;2022
20921;12.8180;2023
13940;12.8145;2024
1082;12.7965;2025
17819;12.7835;2026
18860;12.7735;2027
3068;12.7710;2028
6088;12.7710;2028
16147;12.7610;2030
13749;12.7400;2031
1595;12.7230;2032
6408;12.7055;2033
16544;12.7045;2034
1450;12.7040;2035
22584;12.6950;2036
4591;12.6900;2037
5376;12.6695;2038
7981;12.6535;2039
18959;12.6510;2040
19730;12.6430;2041
17508;12.6120;2042
19011;12.6045;2043
7946;12.6020;2044
14167;12.5975;2045
22493;12.5940;2046
7994;12.5915;2047
4355;12.5790;2048
7992;12.5690;2049
1923;12.5640;2050
7054;12.5615;2051
20007;12.5545;2052
19755;12.5245;2053
19571;12.5165;2054
18812;12.5000;2055
21584;12.4870;2056
13654;12.4800;2057
7978;12.4610;2058
3790;12.4500;2059
10283;12.4390;2060
8589;12.4385;2061
17740;12.4255;2062
10503;12.4130;2063
20865;12.4085;2064
3829;12.4075;2065
3143;12.3945;2066
9179;12.3940;2067
5592;12.3920;2068
1633;12.3770;2069
11244;12.3770;2069
14444;12.3745;2071
18048;12.3520;2072
21405;12.3510;2073
1585;12.3495;2074
7590;12.3275;2075
8990;12.3145;2076
6120;12.3130;2077
21689;12.3080;2078
2699;12.2990;2079
11235;12.2975;2080
9995;12.2945;2081
12574;12.2925;2082
12958;12.2915;2083
22238;12.2860;2084
12510;12.2690;2085
20000;12.2640;2086
18788;12.2605;2087
6712;12.2540;2088
17221;12.2165;2089
1596;12.2040;2090
21505;12.1775;2091
22926;12.1655;2092
7337;12.1525;2093
5222;12.1435;2094
1068;12.1300;2095
15183;12.1285;2096
7018;12.1265;2097
23778;12.1235;2098
4341;12.1200;2099
19169;12.1200;2099
17693;12.1190;2101
7965;12.1135;2102
13711;12.1015;2103
16220;12.0370;2104
21178;12.0200;2105
21179;12.0175;2106
19840;12.0145;2107
4013;12.0075;2108
15143;11.9990;2109
17925;11.9895;2110
10458;11.9835;2111
17509;11.9750;2112
23472;11.9665;2113
18080;11.9655;2114
4461;11.9555;2115
16528;11.9400;2116
23640;11.9285;2117
10043;11.9245;2118
8259;11.9000;2119
20951;11.8990;2120
15084;11.8975;2121
2470;11.8955;2122
2946;11.8940;2123
3034;11.8800;2124
20822;11.8760;2125
14007;11.8750;2126
8104;11.8680;2127
5953;11.8545;2128
6251;11.8500;2129
3332;11.8300;2130
9599;11.8225;2131
21064;11.8185;2132
7550;11.8080;2133
18255;11.8075;2134
10348;11.7960;2135
4750;11.7905;2136
4767;11.7855;2137
12573;11.7730;2138
6051;11.7710;2139
1868;11.7540;2140
15201;11.7450;2141
5115;11.7365;2142
24188;11.7210;2143
8232;11.7150;2144
9391;11.6790;2145
13379;11.6520;2146
1114;11.6240;2147
22099;11.6140;2148
5091;11.6100;2149
1032;11.6075;2150
2306;11.5920;2151
10501;11.5890;2152
2819;11.5790;2153
16817;11.5735;2154
8393;11.5605;2155
19601;11.5590;2156
6313;11.5560;2157
15577;11.5445;2158
3590;11.5325;2159
4506;11.5280;2160
16217;11.5050;2161
22492;11.4940;2162
19397;11.4885;2163
10880;11.4875;2164
13580;11.4715;2165
22802;11.4630;2166
15815;11.4625;2167
22804;11.4600;2168
7810;11.4570;2169
18298;11.4550;2170
12481;11.4395;2171
1093;11.4375;2172
4204;11.4325;2173
9483;11.4325;2173
23588;11.4325;2173
22655;11.4250;2176
23841;11.4205;2177
2163;11.4170;2178
6898;11.4165;2179
9430;11.4015;2180
24247;11.4005;2181
12196;11.3975;2182
18762;11.3925;2183
23717;11.3795;2184
21443;11.3655;2185
20034;11.3430;2186
11733;11.3310;2187
15056;11.3265;2188
21751;11.3155;2189
2559;11.3080;2190
22759;11.3035;2191
2749;11.2575;2192
9004;11.2530;2193
14428;11.2460;2194
14585;11.2380;2195
7802;11.2315;2196
18197;11.2205;2197
6661;11.2190;2198
23387;11.2155;2199
9422;11.2015;2200
1324;11.1905;2201
18065;11.1880;2202
12682;11.1845;2203
2526;11.1795;2204
20048;11.1795;2204
6410;11.1760;2206
6320;11.1605;2207
5971;11.1575;2208
4305;11.1565;2209
22313;11.1525;2210
2110;11.1470;2211
12500;11.1380;2212
11615;11.1345;2213
22397;11.1345;2213
10495;11.1315;2215
9807;11.1300;2216
2557;11.1110;2217
19572;11.0990;2218
21028;11.0940;2219
20192;11.0915;2220
3853;11.0875;2221
13607;11.0705;2222
8544;11.0600;2223
6055;11.0580;2224
11153;11.0505;2225
20225;11.0285;2226
11656;11.0275;2227
7043;11.0135;2228
16473;10.9955;2229
3578;10.9860;2230
12987;10.9785;2231
1768;10.9760;2232
9358;10.9735;2233
1037;10.9725;2234
15082;10.9710;2235
20304;10.9470;2236
5167;10.9460;2237
14028;10.9440;2238
4306;10.9360;2239
4627;10.9335;2240
7976;10.9335;2240
20136;10.9335;2240
22567;10.9290;2243
4890;10.9120;2244
20043;10.9100;2245
22824;10.9080;2246
7536;10.9065;2247
9416;10.9015;2248
13952;10.9000;2249
14685;10.9000;2249
20123;10.8880;2251
3656;10.8810;2252
21442;10.8810;2252
12278;10.8750;2254
5229;10.8655;2255
17231;10.8550;2256
17392;10.8505;2257
16738;10.8460;2258
6903;10.8280;2259
13018;10.8210;2260
5606;10.8055;2261
8841;10.8050;2262
14862;10.8030;2263
2396;10.7985;2264
13730;10.7985;2264
3021;10.7875;2266
16428;10.7845;2267
13861;10.7810;2268
11730;10.7805;2269
2724;10.7770;2270
16430;10.7535;2271
1636;10.7475;2272
19836;10.7460;2273
17036;10.7380;2274
6427;10.7330;2275
20193;10.7270;2276
1200;10.7200;2277
16767;10.7000;2278
19599;10.6885;2279
1523;10.6770;2280
18392;10.6770;2280
14983;10.6725;2282
22358;10.6650;2283
16441;10.6645;2284
22911;10.6595;2285
19845;10.6460;2286
21642;10.6410;2287
16886;10.6375;2288
9389;10.6345;2289
11451;10.6255;2290
8122;10.6230;2291
19063;10.6175;2292
3027;10.6025;2293
19433;10.5990;2294
4592;10.5960;2295
6425;10.5960;2295
21542;10.5960;2295
3094;10.5955;2298
22665;10.5945;2299
22810;10.5850;2300
11089;10.5650;2301
12685;10.5650;2301
2926;10.5610;2303
19753;10.5600;2304
2387;10.5575;2305
20812;10.5505;2306
1465;10.5445;2307
16252;10.5430;2308
1171;10.5420;2309
11213;10.5385;2310
23408;10.5370;2311
16413;10.5175;2312
23027;10.5155;2313
10456;10.5050;2314
15770;10.4825;2315
12340;10.4750;2316
13638;10.4730;2317
18667;10.4705;2318
16776;10.4605;2319
3199;10.4600;2320
23429;10.4500;2321
6157;10.4445;2322
18389;10.4370;2323
21421;10.4300;2324
24399;10.4250;2325
4737;10.4230;2326
5208;10.4205;2327
22823;10.4180;2328
22077;10.4160;2329
21431;10.4150;2330
7910;10.3980;2331
20969;10.3970;2332
1532;10.3960;2333
2445;10.3925;2334
4223;10.3855;2335
4020;10.3710;2336
3046;10.3685;2337
2320;10.3570;2338
6737;10.3525;2339
7644;10.3520;2340
5112;10.3435;2341
18507;10.3425;2342
14205;10.3255;2343
22156;10.3230;2344
4079;10.3060;2345
20975;10.3050;2346
14045;10.2890;2347
22495;10.2850;2348
15111;10.2745;2349
4838;10.2740;2350
7758;10.2650;2351
15630;10.2630;2352
19962;10.2625;2353
1577;10.2460;2354
12676;10.2435;2355
21149;10.2385;2356
23243;10.2310;2357
21387;10.2250;2358
9735;10.2210;2359
8833;10.2200;2360
23297;10.2110;2361
17207;10.2025;2362
12176;10.1900;2363
10798;10.1890;2364
19341;10.1890;2364
13845;10.1880;2366
16660;10.1880;2366
1173;10.1870;2368
22292;10.1825;2369
14835;10.1700;2370
5500;10.1605;2371
17001;10.1495;2372
1536;10.1450;2373
3498;10.1405;2374
16823;10.1350;2375
6233;10.1345;2376
20914;10.1345;2376
13748;10.1325;2378
21724;10.1320;2379
24363;10.1250;2380
14374;10.1220;2381
1493;10.1065;2382
13285;10.1055;2383
17911;10.1020;2384
17249;10.0995;2385
17250;10.0995;2385
13037;10.0975;2387
20001;10.0965;2388
21669;10.0925;2389
2424;10.0910;2390
3857;10.0870;2391
13358;10.0815;2392
19375;10.0715;2393
1001;10.0620;2394
9345;10.0510;2395
17076;10.0510;2395
22654;10.0365;2397
17077;10.0360;2398
6766;10.0300;2399
15825;10.0295;2400
1074;10.0270;2401
23821;10.0200;2402
12382;10.0130;2403
17396;10.0080;2404
12448;10.0060;2405
6515;10.0030;2406
16768;10.0000;2407
22151;9.9925;2408
16655;9.9865;2409
22326;9.9630;2410
21571;9.9620;2411
12434;9.9530;2412
8110;9.9440;2413
9961;9.9435;2414
21106;9.9425;2415
22671;9.9370;2416
18925;9.9350;2417
20590;9.9235;2418
2156;9.9115;2419
8988;9.9105;2420
23775;9.8855;2421
12235;9.8825;2422
22581;9.8770;2423
20331;9.8720;2424
4101;9.8265;2425
20915;9.8250;2426
15822;9.8160;2427
1069;9.8100;2428
11729;9.8050;2429
14695;9.8025;2430
17447;9.7995;2431
23675;9.7925;2432
15656;9.7910;2433
16208;9.7895;2434
8516;9.7880;2435
21209;9.7860;2436
2213;9.7820;2437
17643;9.7755;2438
1051;9.7660;2439
1708;9.7600;2440
3387;9.7505;2441
16446;9.7420;2442
10219;9.7370;2443
2919;9.7325;2444
23453;9.7115;2445
1869;9.7105;2446
4229;9.7070;2447
4720;9.7035;2448
3885;9.6875;2449
10578;9.6785;2450
15324;9.6775;2451
18877;9.6750;2452
15756;9.6670;2453
21046;9.6415;2454
24216;9.6340;2455
3599;9.6185;2456
4545;9.6165;2457
21101;9.6105;2458
5420;9.6090;2459
20761;9.6040;2460
10897;9.5995;2461
24034;9.5915;2462
3470;9.5900;2463
24303;9.5895;2464
20709;9.5890;2465
5143;9.5845;2466
14682;9.5835;2467
21110;9.5815;2468
24035;9.5815;2468
19980;9.5780;2470
20021;9.5645;2471
20794;9.5595;2472
16770;9.5500;2473
3155;9.5490;2474
1900;9.5395;2475
7264;9.5360;2476
1811;9.5335;2477
5016;9.5280;2478
21958;9.5135;2479
6240;9.5055;2480
21433;9.4895;2481
19550;9.4780;2482
16846;9.4775;2483
9267;9.4770;2484
8326;9.4760;2485
11527;9.4750;2486
4745;9.4635;2487
5662;9.4605;2488
23244;9.4540;2489
21420;9.4505;2490
8285;9.4485;2491
5155;9.4395;2492
2336;9.4380;2493
22792;9.4330;2494
1814;9.4325;2495
22360;9.4315;2496
2211;9.4285;2497
3347;9.4275;2498
10555;9.4275;2498
21234;9.4260;2500
13571;9.3985;2501
19507;9.3955;2502
8553;9.3940;2503
22582;9.3935;2504
16173;9.3785;2505
13656;9.3745;2506
18701;9.3745;2506
7302;9.3675;2508
2259;9.3620;2509
2693;9.3415;2510
13060;9.3340;2511
14282;9.3090;2512
4133;9.3010;2513
9996;9.2985;2514
11206;9.2935;2515
21053;9.2895;2516
24507;9.2700;2517
16371;9.2680;2518
24028;9.2675;2519
15345;9.2615;2520
22325;9.2605;2521
2415;9.2590;2522
1635;9.2575;2523
22990;9.2575;2523
24762;9.2405;2525
20079;9.2375;2526
8310;9.2085;2527
8819;9.2030;2528
15917;9.1970;2529
24033;9.1850;2530
23475;9.1570;2531
6175;9.1505;2532
18238;9.1475;2533
19178;9.1420;2534
19163;9.1230;2535
17921;9.1190;2536
17841;9.1175;2537
22249;9.1170;2538
1146;9.1145;2539
17590;9.1135;2540
2018;9.1095;2541
7486;9.1015;2542
4354;9.0885;2543
15865;9.0880;2544
10030;9.0700;2545
14060;9.0665;2546
15744;9.0660;2547
16677;9.0525;2548
17659;9.0430;2549
11187;9.0405;2550
19025;9.0380;2551
23779;9.0255;2552
1230;9.0240;2553
11524;9.0230;2554
24225;9.0115;2555
24175;8.9950;2556
11789;8.9755;2557
1142;8.9630;2558
22162;8.9460;2559
24151;8.9455;2560
21988;8.9360;2561
4287;8.9265;2562
3681;8.9235;2563
21134;8.9135;2564
5501;8.9080;2565
8305;8.9080;2565
13655;8.9075;2567
14528;8.9075;2567
2081;8.9055;2569
22811;8.9050;2570
19331;8.8985;2571
19810;8.8980;2572
15868;8.8905;2573
20670;8.8890;2574
24294;8.8825;2575
13240;8.8815;2576
18963;8.8815;2576
16233;8.8800;2578
21500;8.8800;2578
22188;8.8790;2580
5110;8.8660;2581
22414;8.8650;2582
22241;8.8635;2583
19318;8.8605;2584
3388;8.8590;2585
18072;8.8575;2586
19317;8.8565;2587
18742;8.8550;2588
18743;8.8550;2588
24261;8.8535;2590
13690;8.8500;2591
23645;8.8370;2592
19115;8.8295;2593
1687;8.8210;2594
6430;8.8150;2595
4636;8.8050;2596
1979;8.7680;2597
21222;8.7590;2598
16848;8.7535;2599
4322;8.7470;2600
24310;8.7430;2601
19931;8.7425;2602
21668;8.7425;2602
6717;8.7420;2604
21564;8.7405;2605
22805;8.7350;2606
4992;8.7340;2607
23494;8.7195;2608
19200;8.7080;2609
15651;8.7060;2610
3549;8.7000;2611
12226;8.6825;2612
21587;8.6720;2613
19234;8.6705;2614
15394;8.6665;2615
10364;8.6650;2616
1762;8.6605;2617
5304;8.6430;2618
2200;8.6275;2619
10050;8.6000;2620
9797;8.5850;2621
5307;8.5825;2622
21889;8.5615;2623
21525;8.5605;2624
7995;8.5575;2625
4150;8.5525;2626
22566;8.5450;2627
13253;8.5435;2628
6478;8.5380;2629
22807;8.5370;2630
9413;8.5355;2631
2244;8.5315;2632
23632;8.5295;2633
24269;8.5250;2634
18791;8.5105;2635
18792;8.5105;2635
18926;8.5090;2637
7230;8.5045;2638
13913;8.5015;2639
21888;8.5015;2639
1679;8.4960;2641
6177;8.4910;2642
8346;8.4905;2643
1740;8.4880;2644
20138;8.4855;2645
9365;8.4820;2646
17771;8.4775;2647
2307;8.4720;2648
4548;8.4720;2648
9787;8.4390;2650
5595;8.4325;2651
1824;8.4305;2652
15768;8.4290;2653
6780;8.4250;2654
17867;8.4160;2655
15824;8.4155;2656
16775;8.4155;2656
3023;8.4130;2658
4215;8.4120;2659
19152;8.4110;2660
21918;8.4045;2661
5634;8.3995;2662
17978;8.3930;2663
19470;8.3800;2664
4100;8.3730;2665
23352;8.3680;2666
15870;8.3670;2667
22242;8.3670;2667
4907;8.3660;2669
22246;8.3580;2670
15356;8.3560;2671
10443;8.3495;2672
18883;8.3225;2673
20202;8.3205;2674
22155;8.3195;2675
4412;8.3185;2676
21800;8.3150;2677
16134;8.3130;2678
3012;8.3075;2679
3455;8.3020;2680
10494;8.2890;2681
5046;8.2800;2682
6380;8.2800;2682
19384;8.2760;2684
3954;8.2640;2685
12010;8.2605;2686
6322;8.2575;2687
19408;8.2565;2688
3631;8.2500;2689
20308;8.2500;2689
7678;8.2465;2691
19580;8.2435;2692
23676;8.2410;2693
19673;8.2395;2694
5704;8.2360;2695
4756;8.2330;2696
22866;8.2325;2697
19400;8.2095;2698
22115;8.2090;2699
21966;8.2000;2700
11479;8.1970;2701
1168;8.1880;2702
13941;8.1800;2703
6897;8.1720;2704
5241;8.1685;2705
1538;8.1600;2706
17313;8.1600;2706
10482;8.1520;2708
18265;8.1405;2709
8241;8.1285;2710
22688;8.1230;2711
10896;8.1225;2712
1556;8.1120;2713
16230;8.1100;2714
7925;8.1005;2715
16448;8.0925;2716
14371;8.0895;2717
10536;8.0890;2718
2514;8.0885;2719
20824;8.0825;2720
17870;8.0750;2721
23054;8.0735;2722
23292;8.0625;2723
23293;8.0625;2723
2593;8.0495;2725
6147;8.0430;2726
3254;8.0350;2727
15399;8.0265;2728
5198;8.0215;2729
24260;8.0185;2730
14372;8.0145;2731
21446;8.0100;2732
22359;8.0000;2733
6526;7.9960;2734
4549;7.9850;2735
5243;7.9845;2736
6001;7.9815;2737
4265;7.9790;2738
14532;7.9645;2739
11490;7.9550;2740
23058;7.9475;2741
4642;7.9460;2742
6527;7.9455;2743
7350;7.9440;2744
21655;7.9440;2744
18816;7.9400;2746
7624;7.9250;2747
2953;7.9240;2748
1434;7.9210;2749
19483;7.9160;2750
5648;7.9155;2751
18629;7.8985;2752
12418;7.8965;2753
4039;7.8885;2754
1218;7.8875;2755
4401;7.8825;2756
8529;7.8805;2757
11232;7.8745;2758
5774;7.8715;2759
20662;7.8690;2760
12328;7.8595;2761
12452;7.8585;2762
3658;7.8555;2763
18194;7.8445;2764
20046;7.8325;2765
21594;7.8250;2766
20871;7.8150;2767
10235;7.8125;2768
15701;7.7985;2769
10357;7.7975;2770
22795;7.7715;2771
5434;7.7685;2772
9565;7.7605;2773
4158;7.7600;2774
22227;7.7545;2775
21593;7.7375;2776
7618;7.7360;2777
1101;7.7170;2778
13111;7.7155;2779
7315;7.7070;2780
8991;7.7045;2781
19725;7.7005;2782
17083;7.6970;2783
19569;7.6890;2784
4672;7.6790;2785
1222;7.6750;2786
2687;7.6750;2786
4948;7.6720;2788
13806;7.6685;2789
6028;7.6670;2790
23162;7.6655;2791
1533;7.6555;2792
23697;7.6555;2792
10922;7.6520;2794
6810;7.6505;2795
22217;7.6460;2796
4860;7.6425;2797
1837;7.6385;2798
21635;7.6275;2799
18028;7.6235;2800
1655;7.6150;2801
22639;7.6000;2802
18259;7.5925;2803
3755;7.5900;2804
17686;7.5900;2804
12571;7.5845;2806
6781;7.5820;2807
18493;7.5770;2808
21132;7.5700;2809
2367;7.5695;2810
22398;7.5670;2811
12445;7.5540;2812
10819;7.5525;2813
17855;7.5475;2814
6354;7.5455;2815
5791;7.5350;2816
12072;7.5300;2817
15074;7.5250;2818
15481;7.5215;2819
8115;7.5025;2820
4631;7.4985;2821
1795;7.4885;2822
23360;7.4880;2823
23840;7.4780;2824
23596;7.4630;2825
4752;7.4570;2826
5935;7.4545;2827
24038;7.4505;2828
19765;7.4365;2829
11572;7.4315;2830
9455;7.4300;2831
21656;7.4210;2832
13098;7.4175;2833
16000;7.4175;2833
4979;7.4125;2835
15112;7.4095;2836
19431;7.4060;2837
2214;7.3965;2838
22864;7.3945;2839
21413;7.3850;2840
6856;7.3830;2841
21042;7.3820;2842
2649;7.3650;2843
16450;7.3625;2844
11505;7.3600;2845
1371;7.3300;2846
3872;7.3300;2846
4872;7.3245;2848
25132;7.3200;2849
22107;7.3155;2850
3245;7.2935;2851
13938;7.2885;2852
24075;7.2850;2853
20054;7.2840;2854
22369;7.2750;2855
24515;7.2700;2856
20150;7.2625;2857
5772;7.2475;2858
4032;7.2460;2859
9168;7.2420;2860
6811;7.2410;2861
18398;7.2375;2862
22988;7.2295;2863
4033;7.2260;2864
23681;7.2230;2865
12009;7.2210;2866
16229;7.2175;2867
19424;7.2150;2868
23413;7.2150;2868
8348;7.2145;2870
21891;7.2145;2870
20890;7.2125;2872
9338;7.2110;2873
18882;7.2055;2874
16279;7.1960;2875
21045;7.1860;2876
18393;7.1765;2877
18120;7.1715;2878
2314;7.1640;2879
1499;7.1625;2880
10978;7.1620;2881
4385;7.1490;2882
5217;7.1435;2883
24276;7.1330;2884
8303;7.1295;2885
9741;7.1250;2886
21136;7.1125;2887
22542;7.1010;2888
10720;7.0690;2889
20417;7.0585;2890
23634;7.0585;2890
9427;7.0495;2892
2996;7.0405;2893
10239;7.0400;2894
9654;7.0375;2895
16908;7.0345;2896
4233;7.0185;2897
17834;7.0170;2898
21737;7.0140;2899
20006;7.0120;2900
16276;7.0075;2901
18618;7.0000;2902
12835;6.9835;2903
6021;6.9830;2904
17728;6.9810;2905
15109;6.9775;2906
8157;6.9750;2907
14430;6.9635;2908
9229;6.9540;2909
9485;6.9455;2910
2590;6.9415;2911
14442;6.9385;2912
9466;6.9330;2913
9380;6.9300;2914
19323;6.9280;2915
17710;6.9250;2916
20799;6.9250;2916
5384;6.9235;2918
20203;6.9210;2919
6321;6.9200;2920
20378;6.9175;2921
16807;6.9130;2922
11726;6.9120;2923
15199;6.9060;2924
15200;6.9060;2924
18756;6.9000;2926
9313;6.8950;2927
2979;6.8925;2928
18391;6.8880;2929
22363;6.8875;2930
23575;6.8850;2931
1359;6.8840;2932
18347;6.8805;2933
22556;6.8800;2934
13903;6.8760;2935
9192;6.8750;2936
2522;6.8725;2937
14576;6.8615;2938
2619;6.8610;2939
23709;6.8570;2940
14090;6.8560;2941
4683;6.8505;2942
25211;6.8500;2943
1905;6.8490;2944
12689;6.8415;2945
22889;6.8360;2946
22587;6.8260;2947
8005;6.8250;2948
6337;6.8235;2949
15003;6.8235;2949
17023;6.8230;2951
17817;6.8190;2952
7168;6.8175;2953
17291;6.8050;2954
22887;6.8035;2955
24636;6.8000;2956
5246;6.7980;2957
19130;6.7980;2957
22373;6.7965;2959
1673;6.7960;2960
15233;6.7955;2961
1042;6.7905;2962
24635;6.7900;2963
8903;6.7790;2964
1219;6.7745;2965
21747;6.7735;2966
5027;6.7680;2967
23510;6.7665;2968
8902;6.7600;2969
8512;6.7595;2970
4392;6.7550;2971
16926;6.7500;2972
20418;6.7480;2973
24143;6.7465;2974
10484;6.7325;2975
3619;6.7175;2976
10152;6.7150;2977
4609;6.7130;2978
20209;6.7035;2979
22443;6.6960;2980
1551;6.6950;2981
15919;6.6935;2982
16718;6.6925;2983
10413;6.6835;2984
1179;6.6800;2985
17176;6.6775;2986
15340;6.6750;2987
19080;6.6710;2988
21490;6.6610;2989
17350;6.6595;2990
21695;6.6595;2990
24124;6.6500;2992
5947;6.6425;2993
15596;6.6400;2994
18224;6.6385;2995
24498;6.6365;2996
8694;6.6325;2997
14125;6.6305;2998
15645;6.6280;2999
4555;6.6260;3000
5492;6.6225;3001
22185;6.6200;3002
18273;6.6160;3003
10356;6.6060;3004
22136;6.5990;3005
9666;6.5945;3006
1329;6.5900;3007
2197;6.5900;3007
19383;6.5895;3009
19600;6.5890;3010
21640;6.5705;3011
7519;6.5600;3012
19497;6.5570;3013
18323;6.5530;3014
16742;6.5500;3015
20045;6.5470;3016
19440;6.5465;3017
19442;6.5465;3017
12780;6.5460;3019
20068;6.5405;3020
7575;6.5360;3021
6246;6.5355;3022
6045;6.5350;3023
4366;6.5325;3024
17150;6.5320;3025
5351;6.5275;3026
20896;6.5220;3027
1798;6.5180;3028
3449;6.5145;3029
1954;6.5130;3030
22949;6.5055;3031
10563;6.4995;3032
19365;6.4980;3033
21739;6.4975;3034
6678;6.4950;3035
6831;6.4950;3035
23692;6.4900;3037
21877;6.4850;3038
14870;6.4830;3039
23818;6.4815;3040
1644;6.4800;3041
3229;6.4735;3042
11633;6.4705;3043
17272;6.4695;3044
5759;6.4635;3045
16937;6.4620;3046
11577;6.4575;3047
1682;6.4560;3048
23721;6.4535;3049
3087;6.4530;3050
4689;6.4510;3051
10586;6.4510;3051
20992;6.4445;3053
23868;6.4420;3054
19102;6.4400;3055
15262;6.4395;3056
20956;6.4330;3057
3715;6.4275;3058
13185;6.4260;3059
23139;6.4255;3060
16751;6.4225;3061
23639;6.4160;3062
19762;6.4075;3063
4438;6.4060;3064
18272;6.3995;3065
15615;6.3920;3066
1159;6.3900;3067
21678;6.3785;3068
23340;6.3750;3069
22750;6.3730;3070
6073;6.3640;3071
21613;6.3555;3072
19449;6.3540;3073
22165;6.3530;3074
16712;6.3510;3075
15816;6.3470;3076
4517;6.3465;3077
9226;6.3375;3078
21541;6.3340;3079
19050;6.3320;3080
16477;6.3305;3081
18973;6.3205;3082
1139;6.3175;3083
9588;6.3155;3084
6577;6.3150;3085
4076;6.3135;3086
22842;6.3135;3086
20899;6.3120;3088
15086;6.3110;3089
16708;6.3055;3090
18878;6.3025;3091
9420;6.3020;3092
12884;6.3015;3093
9771;6.2985;3094
10435;6.2860;3095
1041;6.2855;3096
1357;6.2715;3097
20763;6.2615;3098
24795;6.2600;3099
16988;6.2560;3100
23559;6.2560;3100
9099;6.2550;3102
7481;6.2525;3103
10944;6.2500;3104
23278;6.2495;3105
15122;6.2485;3106
21257;6.2435;3107
22935;6.2430;3108
23707;6.2345;3109
8636;6.2310;3110
19048;6.2250;3111
3561;6.2215;3112
19920;6.2200;3113
17655;6.2185;3114
9200;6.2155;3115
1289;6.2125;3116
3442;6.2085;3117
18380;6.2080;3118
23267;6.2035;3119
18324;6.2020;3120
23703;6.1965;3121
19728;6.1935;3122
20264;6.1925;3123
4994;6.1920;3124
4562;6.1895;3125
9493;6.1890;3126
22888;6.1785;3127
7153;6.1780;3128
24828;6.1750;3129
12695;6.1725;3130
16537;6.1720;3131
20710;6.1720;3131
17144;6.1710;3133
22844;6.1680;3134
23595;6.1640;3135
7234;6.1625;3136
2112;6.1595;3137
10350;6.1570;3138
11128;6.1540;3139
13088;6.1460;3140
12158;6.1455;3141
19398;6.1400;3142
10096;6.1395;3143
22385;6.1250;3144
2928;6.1240;3145
17490;6.1225;3146
17707;6.1190;3147
23121;6.1175;3148
21480;6.1170;3149
2894;6.1145;3150
5355;6.1125;3151
18332;6.1110;3152
7322;6.1095;3153
6331;6.1065;3154
19598;6.1065;3154
17432;6.1055;3156
12568;6.1005;3157
9919;6.0965;3158
10457;6.0965;3158
14230;6.0965;3158
19742;6.0900;3161
24265;6.0895;3162
19046;6.0750;3163
16873;6.0705;3164
24796;6.0600;3165
1273;6.0555;3166
4744;6.0540;3167
21921;6.0530;3168
14527;6.0480;3169
24304;6.0460;3170
17907;6.0415;3171
23917;6.0350;3172
23573;6.0325;3173
18761;6.0305;3174
21048;6.0265;3175
13830;6.0260;3176
19508;6.0230;3177
20173;6.0215;3178
18225;6.0190;3179
16159;6.0085;3180
14360;6.0075;3181
15709;6.0075;3181
11509;6.0070;3183
9592;6.0065;3184
22586;6.0060;3185
21951;5.9890;3186
9111;5.9865;3187
19544;5.9850;3188
1554;5.9835;3189
11728;5.9785;3190
21131;5.9740;3191
6017;5.9730;3192
14753;5.9675;3193
9929;5.9600;3194
14358;5.9575;3195
8004;5.9550;3196
12331;5.9520;3197
8340;5.9490;3198
11240;5.9450;3199
7126;5.9440;3200
18495;5.9420;3201
20771;5.9380;3202
4557;5.9340;3203
7154;5.9325;3204
20920;5.9315;3205
1779;5.9200;3206
10497;5.9200;3206
16809;5.9030;3208
22171;5.8965;3209
10833;5.8950;3210
9773;5.8775;3211
23166;5.8740;3212
18245;5.8700;3213
23649;5.8550;3214
11661;5.8450;3215
7886;5.8400;3216
23813;5.8375;3217
10601;5.8280;3218
7756;5.8265;3219
22616;5.8250;3220
19320;5.8160;3221
9622;5.8120;3222
13800;5.8080;3223
4248;5.8015;3224
17654;5.8000;3225
6895;5.7925;3226
17540;5.7895;3227
21909;5.7865;3228
14529;5.7830;3229
16278;5.7830;3229
17279;5.7790;3231
11405;5.7750;3232
13853;5.7675;3233
18553;5.7605;3234
23854;5.7580;3235
23857;5.7565;3236
17584;5.7480;3237
24241;5.7475;3238
5010;5.7395;3239
7751;5.7385;3240
7982;5.7375;3241
16803;5.7375;3241
14480;5.7370;3243
7999;5.7355;3244
13270;5.7330;3245
22167;5.7300;3246
11504;5.7250;3247
22840;5.7215;3248
13939;5.7150;3249
1995;5.7090;3250
6253;5.7050;3251
7625;5.6950;3252
15413;5.6935;3253
8847;5.6915;3254
19327;5.6900;3255
25303;5.6900;3255
25304;5.6900;3255
18846;5.6895;3258
22822;5.6895;3258
13775;5.6800;3260
22617;5.6650;3261
2518;5.6560;3262
8567;5.6305;3263
4511;5.6270;3264
8018;5.6205;3265
8279;5.6175;3266
15004;5.6115;3267
1458;5.6095;3268
22338;5.6095;3268
24306;5.6075;3270
12650;5.6020;3271
1305;5.6000;3272
14522;5.5875;3273
16853;5.5825;3274
21879;5.5785;3275
22809;5.5760;3276
19065;5.5725;3277
14379;5.5655;3278
16082;5.5605;3279
10397;5.5590;3280
18216;5.5580;3281
4036;5.5535;3282
17388;5.5505;3283
5312;5.5425;3284
15976;5.5410;3285
4119;5.5340;3286
19482;5.5340;3286
25017;5.5300;3288
23718;5.5195;3289
21040;5.5170;3290
22919;5.5100;3291
21350;5.5060;3292
10612;5.5025;3293
15751;5.5025;3293
19767;5.4980;3295
18237;5.4975;3296
2246;5.4965;3297
23311;5.4925;3298
22686;5.4820;3299
21114;5.4765;3300
16226;5.4735;3301
24347;5.4705;3302
17273;5.4690;3303
4166;5.4610;3304
3476;5.4605;3305
22827;5.4595;3306
21241;5.4515;3307
3577;5.4500;3308
10365;5.4490;3309
12313;5.4450;3310
2058;5.4400;3311
18849;5.4315;3312
19740;5.4315;3312
1720;5.4235;3314
5491;5.4230;3315
22695;5.4220;3316
21427;5.4210;3317
11395;5.4200;3318
17828;5.4150;3319
4136;5.4145;3320
16366;5.3785;3321
12802;5.3760;3322
18966;5.3750;3323
21273;5.3740;3324
9534;5.3730;3325
21112;5.3705;3326
12965;5.3635;3327
18627;5.3635;3327
20985;5.3545;3329
2787;5.3530;3330
21960;5.3520;3331
18226;5.3470;3332
11459;5.3425;3333
17708;5.3425;3333
18244;5.3390;3335
20067;5.3335;3336
20869;5.3330;3337
20817;5.3325;3338
22348;5.3320;3339
23076;5.3280;3340
17872;5.3245;3341
21750;5.3240;3342
5212;5.3235;3343
18015;5.3165;3344
17912;5.3150;3345
5333;5.3090;3346
17318;5.3015;3347
16623;5.3005;3348
1162;5.2790;3349
16469;5.2770;3350
16137;5.2740;3351
7619;5.2730;3352
22771;5.2720;3353
3963;5.2700;3354
3964;5.2700;3354
13086;5.2675;3356
3884;5.2635;3357
23310;5.2625;3358
11208;5.2620;3359
19201;5.2595;3360
23094;5.2580;3361
11828;5.2570;3362
15680;5.2545;3363
4603;5.2535;3364
21972;5.2520;3365
22357;5.2520;3365
23269;5.2520;3365
9646;5.2475;3368
23777;5.2460;3369
9685;5.2450;3370
22668;5.2435;3371
15400;5.2425;3372
13492;5.2415;3373
24176;5.2355;3374
13877;5.2350;3375
23942;5.2350;3375
3628;5.2330;3377
21971;5.2320;3378
24135;5.2275;3379
23370;5.2270;3380
20268;5.2220;3381
23062;5.2190;3382
23204;5.2145;3383
3966;5.2040;3384
19911;5.2020;3385
1409;5.1950;3386
20944;5.1945;3387
13179;5.1870;3388
9461;5.1825;3389
16139;5.1805;3390
13380;5.1800;3391
6990;5.1795;3392
15404;5.1785;3393
6550;5.1765;3394
19488;5.1730;3395
20789;5.1635;3396
9165;5.1615;3397
21412;5.1565;3398
16694;5.1555;3399
4569;5.1545;3400
23846;5.1525;3401
22445;5.1510;3402
23608;5.1485;3403
4732;5.1385;3404
15213;5.1385;3404
22943;5.1385;3404
11000;5.1380;3407
2245;5.1375;3408
22836;5.1315;3409
19536;5.1310;3410
17735;5.1295;3411
9166;5.1265;3412
19113;5.1265;3412
17436;5.1210;3414
18839;5.1200;3415
20870;5.1200;3415
4806;5.1135;3417
1548;5.1100;3418
9417;5.1080;3419
10468;5.1055;3420
20009;5.1025;3421
4491;5.0975;3422
1692;5.0940;3423
22515;5.0925;3424
23178;5.0915;3425
11673;5.0910;3426
11584;5.0875;3427
15312;5.0875;3427
18847;5.0565;3429
22117;5.0495;3430
12859;5.0485;3431
16225;5.0475;3432
5586;5.0430;3433
9213;5.0420;3434
22834;5.0405;3435
22072;5.0390;3436
22930;5.0380;3437
1462;5.0375;3438
2924;5.0355;3439
1654;5.0305;3440
18838;5.0250;3441
11251;5.0240;3442
16455;5.0220;3443
1936;5.0210;3444
22237;5.0200;3445
13346;5.0180;3446
16941;5.0150;3447
13955;5.0100;3448
24952;4.9900;3449
3499;4.9860;3450
1264;4.9770;3451
12712;4.9750;3452
21122;4.9645;3453
1825;4.9630;3454
1067;4.9595;3455
2301;4.9525;3456
13796;4.9495;3457
4630;4.9475;3458
22757;4.9465;3459
24150;4.9465;3459
11749;4.9460;3461
1309;4.9365;3462
21409;4.9365;3462
24816;4.9355;3464
20806;4.9315;3465
21349;4.9310;3466
23353;4.9305;3467
21661;4.9270;3468
21758;4.9245;3469
22166;4.9190;3470
24642;4.9190;3470
9675;4.9180;3472
17677;4.9175;3473
12563;4.9135;3474
19119;4.9135;3474
15854;4.9125;3476
5961;4.9120;3477
10124;4.9115;3478
13126;4.9110;3479
22794;4.9085;3480
22787;4.8980;3481
9768;4.8970;3482
13483;4.8960;3483
24086;4.8960;3483
24536;4.8650;3485
23165;4.8595;3486
21910;4.8580;3487
1844;4.8560;3488
19105;4.8550;3489
20548;4.8495;3490
23164;4.8485;3491
7639;4.8445;3492
22415;4.8425;3493
8562;4.8400;3494
4308;4.8375;3495
16235;4.8345;3496
22994;4.8320;3497
2202;4.8310;3498
4961;4.8250;3499
4468;4.8235;3500
17731;4.8225;3501
3234;4.8210;3502
19069;4.8140;3503
4209;4.8125;3504
23228;4.8110;3505
19637;4.8070;3506
1587;4.8065;3507
23018;4.7850;3508
16719;4.7780;3509
6222;4.7725;3510
23767;4.7525;3511
3107;4.7465;3512
15214;4.7450;3513
23879;4.7450;3513
1833;4.7335;3515
22038;4.7335;3515
25090;4.7200;3517
4126;4.7135;3518
4349;4.7050;3519
19382;4.7000;3520
4232;4.6990;3521
5727;4.6975;3522
17265;4.6965;3523
12562;4.6960;3524
2504;4.6910;3525
15164;4.6900;3526
19399;4.6885;3527
14022;4.6865;3528
2474;4.6775;3529
22070;4.6770;3530
24087;4.6760;3531
5090;4.6750;3532
13693;4.6725;3533
6198;4.6675;3534
19534;4.6620;3535
18587;4.6590;3536
8274;4.6575;3537
22333;4.6575;3537
21798;4.6550;3539
24774;4.6550;3539
17266;4.6530;3541
15136;4.6525;3542
18350;4.6495;3543
10393;4.6480;3544
15625;4.6470;3545
15189;4.6465;3546
9711;4.6415;3547
14607;4.6415;3547
13948;4.6400;3549
1839;4.6365;3550
1933;4.6345;3551
19083;4.6325;3552
17712;4.6275;3553
24436;4.6250;3554
23304;4.6165;3555
21438;4.6090;3556
4021;4.6075;3557
15660;4.6070;3558
8101;4.5960;3559
4883;4.5900;3560
20187;4.5895;3561
21651;4.5845;3562
14411;4.5800;3563
15398;4.5790;3564
19453;4.5725;3565
15351;4.5715;3566
11680;4.5650;3567
5710;4.5630;3568
22782;4.5630;3568
21033;4.5610;3570
22335;4.5600;3571
15710;4.5550;3572
23222;4.5535;3573
23124;4.5405;3574
19176;4.5385;3575
23652;4.5385;3575
5542;4.5375;3577
17596;4.5345;3578
16116;4.5315;3579
23344;4.5305;3580
18413;4.5285;3581
24235;4.5280;3582
18357;4.5275;3583
22950;4.5255;3584
4452;4.5230;3585
24683;4.5200;3586
24026;4.5180;3587
23365;4.5175;3588
20112;4.5155;3589
2236;4.5090;3590
18068;4.5035;3591
19714;4.4990;3592
1184;4.4875;3593
20994;4.4865;3594
2695;4.4825;3595
20274;4.4780;3596
10123;4.4765;3597
3307;4.4710;3598
5793;4.4665;3599
19759;4.4550;3600
23038;4.4550;3600
23334;4.4550;3600
22293;4.4440;3603
20795;4.4425;3604
22120;4.4315;3605
12266;4.4190;3606
10366;4.4180;3607
17278;4.4125;3608
14535;4.4070;3609
15048;4.4045;3610
23705;4.3980;3611
16777;4.3960;3612
15043;4.3920;3613
23685;4.3875;3614
5338;4.3855;3615
8800;4.3845;3616
17045;4.3825;3617
4956;4.3760;3618
14195;4.3740;3619
14316;4.3675;3620
15866;4.3675;3620
2296;4.3660;3622
21231;4.3640;3623
19739;4.3570;3624
8781;4.3555;3625
13082;4.3475;3626
23772;4.3425;3627
23401;4.3365;3628
20759;4.3300;3629
1942;4.3290;3630
2656;4.3240;3631
17862;4.3240;3631
9092;4.3225;3633
22657;4.3190;3634
22793;4.3175;3635
23030;4.3125;3636
23482;4.3125;3636
10402;4.3100;3638
14240;4.3085;3639
2845;4.3075;3640
24513;4.3075;3640
21489;4.3065;3642
8385;4.3050;3643
20897;4.3040;3644
5209;4.3035;3645
14407;4.2995;3646
17044;4.2975;3647
23584;4.2975;3647
21335;4.2950;3649
23484;4.2925;3650
22163;4.2910;3651
17943;4.2865;3652
17845;4.2860;3653
7623;4.2855;3654
7932;4.2750;3655
24228;4.2715;3656
23052;4.2710;3657
8453;4.2675;3658
21530;4.2635;3659
4304;4.2590;3660
17765;4.2580;3661
15652;4.2575;3662
8148;4.2515;3663
7943;4.2500;3664
24398;4.2500;3664
18830;4.2340;3666
19127;4.2340;3666
11533;4.2275;3668
2629;4.2265;3669
18858;4.2195;3670
22295;4.2185;3671
21526;4.2150;3672
10469;4.2130;3673
22658;4.2110;3674
22419;4.2060;3675
21215;4.2055;3676
21403;4.2035;3677
9487;4.2010;3678
7183;4.2000;3679
1858;4.1945;3680
5476;4.1920;3681
18294;4.1850;3682
10406;4.1835;3683
22538;4.1725;3684
23883;4.1725;3684
20069;4.1685;3686
24617;4.1660;3687
21648;4.1650;3688
24245;4.1615;3689
23349;4.1580;3690
24492;4.1575;3691
21170;4.1515;3692
6349;4.1430;3693
10158;4.1430;3693
10442;4.1385;3695
9951;4.1380;3696
18989;4.1375;3697
23015;4.1350;3698
8336;4.1220;3699
16818;4.1200;3700
24606;4.1200;3700
12490;4.1155;3702
2076;4.1100;3703
4434;4.1050;3704
10971;4.1000;3705
11624;4.1000;3705
20296;4.1000;3705
7144;4.0975;3708
14536;4.0930;3709
2090;4.0920;3710
20864;4.0825;3711
14982;4.0795;3712
17594;4.0710;3713
8987;4.0705;3714
23684;4.0690;3715
9277;4.0665;3716
2305;4.0645;3717
15358;4.0545;3718
9407;4.0460;3719
4129;4.0380;3720
1056;4.0375;3721
17324;4.0280;3722
12244;4.0250;3723
24672;4.0225;3724
15992;4.0170;3725
23214;4.0110;3726
1247;4.0065;3727
4940;4.0065;3727
17344;4.0045;3729
21693;4.0025;3730
9626;4.0000;3731
12637;4.0000;3731
17134;4.0000;3731
4183;3.9995;3734
14307;3.9975;3735
20088;3.9880;3736
21285;3.9780;3737
3013;3.9770;3738
23374;3.9750;3739
9505;3.9730;3740
11371;3.9725;3741
21985;3.9725;3741
3982;3.9715;3743
22942;3.9695;3744
23513;3.9695;3744
3472;3.9685;3746
7313;3.9675;3747
13472;3.9625;3748
1866;3.9575;3749
23497;3.9500;3750
3615;3.9475;3751
6117;3.9475;3751
1874;3.9430;3753
17328;3.9395;3754
16179;3.9375;3755
11299;3.9370;3756
22198;3.9365;3757
22311;3.9350;3758
16647;3.9300;3759
23496;3.9300;3759
4019;3.9215;3761
16440;3.9200;3762
23614;3.9175;3763
4916;3.9105;3764
1938;3.9070;3765
6352;3.9040;3766
21777;3.9020;3767
7792;3.9000;3768
13329;3.9000;3768
20194;3.8985;3770
18604;3.8980;3771
20137;3.8975;3772
23710;3.8935;3773
17772;3.8925;3774
22808;3.8925;3774
21817;3.8920;3776
1511;3.8915;3777
12334;3.8850;3778
14364;3.8840;3779
18306;3.8825;3780
2331;3.8765;3781
21957;3.8755;3782
21004;3.8725;3783
19395;3.8715;3784
23661;3.8715;3784
20042;3.8700;3786
20195;3.8685;3787
10314;3.8660;3788
22422;3.8615;3789
13763;3.8600;3790
18990;3.8590;3791
17296;3.8585;3792
4504;3.8550;3793
19964;3.8545;3794
19981;3.8505;3795
9278;3.8490;3796
20415;3.8450;3797
16733;3.8435;3798
22904;3.8430;3799
21672;3.8375;3800
9452;3.8320;3801
18845;3.8320;3801
22747;3.8280;3803
24119;3.8230;3804
24220;3.8230;3804
4936;3.8200;3806
24659;3.8200;3806
1436;3.8100;3808
21047;3.8100;3808
18575;3.8075;3810
1443;3.8000;3811
7796;3.8000;3811
3137;3.7990;3813
22244;3.7955;3814
6472;3.7950;3815
17953;3.7920;3816
18253;3.7905;3817
7752;3.7875;3818
17380;3.7850;3819
12261;3.7820;3820
19461;3.7795;3821
1598;3.7700;3822
11974;3.7685;3823
4643;3.7675;3824
4954;3.7675;3824
6000;3.7650;3826
24164;3.7645;3827
20139;3.7625;3828
14450;3.7620;3829
21980;3.7535;3830
10686;3.7525;3831
3004;3.7500;3832
16372;3.7490;3833
23289;3.7470;3834
15039;3.7400;3835
22243;3.7385;3836
23427;3.7330;3837
19462;3.7275;3838
18892;3.7250;3839
22365;3.7215;3840
17503;3.7190;3841
21674;3.7075;3842
5136;3.7055;3843
24682;3.7000;3844
21284;3.6985;3845
12314;3.6955;3846
8252;3.6900;3847
18514;3.6890;3848
1998;3.6880;3849
8129;3.6860;3850
24177;3.6840;3851
22496;3.6825;3852
15706;3.6805;3853
2235;3.6725;3854
23122;3.6705;3855
6282;3.6655;3856
8969;3.6625;3857
9194;3.6605;3858
10504;3.6525;3859
21049;3.6525;3859
23426;3.6520;3861
23081;3.6510;3862
6278;3.6495;3863
19452;3.6495;3863
7891;3.6490;3865
20833;3.6480;3866
7616;3.6460;3867
22377;3.6440;3868
24787;3.6375;3869
22669;3.6370;3870
4748;3.6340;3871
1517;3.6325;3872
7164;3.6325;3872
22423;3.6250;3874
9676;3.6235;3875
14452;3.6200;3876
21316;3.6200;3876
6747;3.6190;3878
9164;3.6100;3879
20974;3.6095;3880
23768;3.6050;3881
1559;3.5955;3882
17793;3.5950;3883
19070;3.5945;3884
7050;3.5900;3885
16496;3.5900;3885
6517;3.5850;3887
9780;3.5850;3887
10486;3.5840;3889
21020;3.5805;3890
22160;3.5785;3891
24300;3.5780;3892
13259;3.5740;3893
1252;3.5720;3894
19450;3.5685;3895
2633;3.5650;3896
21860;3.5630;3897
15857;3.5605;3898
3593;3.5600;3899
9011;3.5600;3899
3731;3.5575;3901
23223;3.5515;3902
2571;3.5505;3903
21139;3.5505;3903
25080;3.5500;3905
22987;3.5485;3906
18414;3.5450;3907
20411;3.5440;3908
16269;3.5420;3909
4969;3.5390;3910
18382;3.5375;3911
2355;3.5350;3912
10361;3.5350;3912
17384;3.5310;3914
21071;3.5280;3915
10973;3.5250;3916
16899;3.5250;3916
20557;3.5250;3916
21776;3.5205;3919
23425;3.5205;3919
15703;3.5200;3921
13723;3.5150;3922
18029;3.5105;3923
21586;3.5085;3924
21422;3.5080;3925
14539;3.5030;3926
24024;3.5030;3926
7283;3.5025;3928
23699;3.5015;3929
24025;3.5005;3930
23624;3.4985;3931
6325;3.4980;3932
7068;3.4975;3933
12888;3.4975;3933
21451;3.4975;3933
19486;3.4910;3936
17295;3.4900;3937
10903;3.4885;3938
15346;3.4845;3939
22537;3.4775;3940
19578;3.4765;3941
21021;3.4730;3942
4639;3.4715;3943
25117;3.4700;3944
17334;3.4690;3945
5762;3.4655;3946
19597;3.4645;3947
18243;3.4630;3948
18297;3.4620;3949
22751;3.4605;3950
17568;3.4560;3951
3061;3.4545;3952
18781;3.4510;3953
13143;3.4490;3954
23848;3.4480;3955
3007;3.4475;3956
19459;3.4450;3957
23687;3.4450;3957
24443;3.4450;3957
5499;3.4400;3960
22265;3.4350;3961
23299;3.4280;3962
24692;3.4250;3963
10336;3.4230;3964
19841;3.4205;3965
20736;3.4200;3966
19680;3.4120;3967
18369;3.4110;3968
21123;3.4110;3968
21492;3.4110;3968
4995;3.4075;3971
22288;3.4055;3972
24749;3.4050;3973
3261;3.4025;3974
8377;3.4005;3975
21217;3.3990;3976
19212;3.3945;3977
2896;3.3940;3978
2970;3.3910;3979
22779;3.3880;3980
14473;3.3875;3981
25231;3.3800;3982
19402;3.3755;3983
14432;3.3675;3984
12944;3.3655;3985
18923;3.3650;3986
6516;3.3620;3987
11732;3.3605;3988
18483;3.3600;3989
20716;3.3600;3989
20872;3.3600;3989
21706;3.3585;3992
7665;3.3550;3993
24686;3.3525;3994
14511;3.3510;3995
18671;3.3510;3995
22349;3.3500;3997
22932;3.3440;3998
20450;3.3415;3999
23735;3.3415;3999
19405;3.3405;4001
24748;3.3350;4002
22585;3.3345;4003
1834;3.3330;4004
22300;3.3325;4005
18636;3.3295;4006
11094;3.3250;4007
17413;3.3230;4008
2705;3.3225;4009
18164;3.3225;4009
11496;3.3200;4011
23565;3.3200;4011
5618;3.3185;4013
23283;3.3180;4014
12561;3.3135;4015
10616;3.3125;4016
23757;3.3115;4017
21455;3.3100;4018
18676;3.3085;4019
5603;3.3075;4020
21730;3.3010;4021
1500;3.2925;4022
13674;3.2890;4023
18269;3.2875;4024
23258;3.2730;4025
18481;3.2650;4026
23119;3.2605;4027
24050;3.2555;4028
4298;3.2550;4029
23571;3.2520;4030
22250;3.2500;4031
23764;3.2500;4031
13503;3.2450;4033
24372;3.2450;4033
1849;3.2445;4035
13954;3.2425;4036
19988;3.2425;4036
25168;3.2400;4038
15760;3.2355;4039
24226;3.2355;4039
20248;3.2350;4041
17483;3.2325;4042
18795;3.2310;4043
19100;3.2305;4044
23552;3.2300;4045
24680;3.2300;4045
7588;3.2260;4047
22910;3.2210;4048
1612;3.2150;4049
23060;3.2075;4050
23674;3.2060;4051
16816;3.2050;4052
24681;3.2050;4052
21721;3.2030;4054
6221;3.2015;4055
7014;3.2000;4056
24505;3.2000;4056
7596;3.1985;4058
1095;3.1930;4059
19783;3.1930;4059
13888;3.1915;4061
20312;3.1900;4062
21268;3.1890;4063
17658;3.1885;4064
21644;3.1830;4065
13625;3.1805;4066
22386;3.1805;4066
1076;3.1750;4068
1079;3.1750;4068
15878;3.1715;4070
21743;3.1680;4071
3651;3.1675;4072
10367;3.1675;4072
10999;3.1665;4074
10816;3.1650;4075
13843;3.1625;4076
22986;3.1625;4076
19173;3.1615;4078
21685;3.1605;4079
1049;3.1600;4080
23261;3.1600;4080
18861;3.1595;4082
5377;3.1575;4083
18630;3.1575;4083
23691;3.1510;4085
24651;3.1475;4086
20108;3.1460;4087
23679;3.1450;4088
10690;3.1425;4089
15803;3.1415;4090
2539;3.1400;4091
23728;3.1385;4092
15601;3.1295;4093
19973;3.1270;4094
23431;3.1260;4095
3751;3.1255;4096
9239;3.1250;4097
2685;3.1230;4098
24760;3.1115;4099
23168;3.1055;4100
18843;3.1025;4101
21577;3.0955;4102
20095;3.0940;4103
22322;3.0920;4104
17209;3.0885;4105
17649;3.0880;4106
19118;3.0805;4107
1243;3.0750;4108
14855;3.0725;4109
1958;3.0680;4110
22334;3.0680;4110
18229;3.0675;4112
22619;3.0670;4113
6760;3.0650;4114
15261;3.0600;4115
16324;3.0575;4116
15623;3.0545;4117
16773;3.0500;4118
1378;3.0450;4119
21754;3.0430;4120
5150;3.0350;4121
23500;3.0340;4122
19678;3.0300;4123
10483;3.0250;4124
21555;3.0245;4125
23167;3.0205;4126
20507;3.0200;4127
21097;3.0200;4127
25363;3.0200;4127
21411;3.0120;4130
23247;3.0095;4131
7867;3.0075;4132
22486;3.0060;4133
24852;3.0050;4134
22754;3.0005;4135
18969;3.0000;4136
20316;3.0000;4136
4854;2.9975;4138
14422;2.9955;4139
24632;2.9945;4140
22756;2.9905;4141
19347;2.9880;4142
15206;2.9850;4143
6761;2.9840;4144
21562;2.9840;4144
11629;2.9810;4146
22299;2.9775;4147
7732;2.9770;4148
8323;2.9770;4148
19124;2.9765;4150
23753;2.9735;4151
21321;2.9720;4152
20454;2.9675;4153
2839;2.9660;4154
16452;2.9635;4155
18457;2.9630;4156
17401;2.9610;4157
15659;2.9600;4158
22266;2.9530;4159
23101;2.9530;4159
13956;2.9525;4161
11167;2.9500;4162
14356;2.9500;4162
22572;2.9495;4164
18874;2.9460;4165
1829;2.9445;4166
22523;2.9440;4167
12638;2.9415;4168
23248;2.9410;4169
21076;2.9405;4170
4031;2.9400;4171
19662;2.9400;4171
2196;2.9360;4173
3083;2.9290;4174
1255;2.9225;4175
10251;2.9195;4176
22516;2.9195;4176
15632;2.9155;4178
17441;2.9115;4179
24462;2.9100;4180
21955;2.9075;4181
23458;2.9075;4181
12945;2.9055;4183
7418;2.9025;4184
23020;2.9025;4184
23759;2.9000;4186
17292;2.8950;4187
24493;2.8925;4188
23885;2.8900;4189
25262;2.8900;4189
18622;2.8875;4191
24057;2.8875;4191
23380;2.8850;4193
18246;2.8825;4194
24152;2.8805;4195
24647;2.8785;4196
13581;2.8775;4197
23646;2.8725;4198
24138;2.8690;4199
23733;2.8680;4200
14361;2.8655;4201
1512;2.8650;4202
19315;2.8630;4203
23188;2.8625;4204
1821;2.8620;4205
23473;2.8600;4206
24364;2.8575;4207
24179;2.8550;4208
14449;2.8535;4209
17433;2.8535;4209
20070;2.8490;4211
22593;2.8465;4212
5041;2.8425;4213
7672;2.8405;4214
24644;2.8400;4215
24201;2.8375;4216
10428;2.8370;4217
19751;2.8360;4218
12208;2.8350;4219
17611;2.8350;4219
22426;2.8350;4219
25225;2.8300;4222
18623;2.8280;4223
18813;2.8265;4224
19280;2.8265;4224
11803;2.8250;4226
20235;2.8240;4227
1330;2.8230;4228
11920;2.8200;4229
18228;2.8200;4229
23557;2.8200;4229
6324;2.8195;4232
23464;2.8190;4233
5392;2.8175;4234
12306;2.8125;4235
5765;2.8120;4236
24418;2.8100;4237
20100;2.8080;4238
23605;2.8080;4238
22310;2.8075;4240
6668;2.8065;4241
24023;2.8005;4242
21434;2.7980;4243
8539;2.7975;4244
24036;2.7900;4245
20644;2.7875;4246
23452;2.7875;4246
7421;2.7850;4248
19639;2.7815;4249
18489;2.7800;4250
20330;2.7730;4251
22376;2.7710;4252
24671;2.7710;4252
18090;2.7675;4254
21588;2.7665;4255
3322;2.7660;4256
11669;2.7650;4257
3065;2.7625;4258
12852;2.7625;4258
8588;2.7620;4260
15853;2.7610;4261
4425;2.7600;4262
23988;2.7600;4262
11541;2.7565;4264
19155;2.7565;4264
21545;2.7550;4266
21444;2.7505;4267
7887;2.7500;4268
21404;2.7485;4269
20818;2.7480;4270
22482;2.7460;4271
11164;2.7450;4272
12178;2.7425;4273
15936;2.7390;4274
2277;2.7375;4275
23402;2.7345;4276
20338;2.7325;4277
22457;2.7325;4277
11731;2.7310;4279
23625;2.7310;4279
24153;2.7300;4281
24154;2.7300;4281
21620;2.7275;4283
21568;2.7270;4284
22234;2.7250;4285
23811;2.7225;4286
22413;2.7200;4287
22354;2.7185;4288
18411;2.7150;4289
19555;2.7150;4289
22256;2.7130;4291
10041;2.7100;4292
24442;2.7100;4292
20513;2.7085;4294
16115;2.7075;4295
18304;2.7075;4295
14142;2.7060;4297
5074;2.7055;4298
24445;2.7050;4299
23547;2.7015;4300
4271;2.7000;4301
22614;2.7000;4301
4663;2.6975;4303
23582;2.6945;4304
21550;2.6940;4305
10577;2.6925;4306
22301;2.6925;4306
18518;2.6915;4308
20273;2.6875;4309
24104;2.6855;4310
1997;2.6850;4311
3773;2.6850;4311
5587;2.6795;4313
5731;2.6775;4314
6369;2.6775;4314
23642;2.6775;4314
20825;2.6730;4317
22353;2.6725;4318
23152;2.6725;4318
18257;2.6680;4320
22696;2.6660;4321
23716;2.6650;4322
23396;2.6615;4323
21950;2.6550;4324
12305;2.6535;4325
8899;2.6495;4326
21141;2.6465;4327
20169;2.6460;4328
18635;2.6455;4329
1479;2.6425;4330
21956;2.6425;4330
20119;2.6415;4332
23417;2.6415;4332
8098;2.6400;4334
23731;2.6385;4335
22430;2.6360;4336
22760;2.6330;4337
2618;2.6325;4338
21287;2.6325;4338
21551;2.6325;4338
22102;2.6305;4341
13247;2.6300;4342
1020;2.6290;4343
14471;2.6290;4343
24041;2.6290;4343
22341;2.6285;4346
22344;2.6285;4346
23648;2.6280;4348
12564;2.6255;4349
2899;2.6225;4350
22090;2.6225;4350
22083;2.6210;4352
3958;2.6200;4353
19132;2.6180;4354
11193;2.6175;4355
24267;2.6150;4356
18008;2.6135;4357
22590;2.6105;4358
12755;2.6065;4359
2747;2.6060;4360
24262;2.6050;4361
13450;2.6040;4362
17232;2.5980;4363
20271;2.5960;4364
22761;2.5955;4365
21186;2.5945;4366
19700;2.5925;4367
12678;2.5920;4368
25194;2.5900;4369
20080;2.5895;4370
21410;2.5880;4371
21553;2.5870;4372
18907;2.5860;4373
21077;2.5855;4374
12620;2.5825;4375
12624;2.5825;4375
5661;2.5800;4377
7448;2.5800;4377
19154;2.5740;4379
7659;2.5730;4380
18014;2.5720;4381
24327;2.5715;4382
19171;2.5700;4383
19172;2.5700;4383
8208;2.5685;4385
24849;2.5650;4386
5915;2.5615;4387
18410;2.5600;4388
21686;2.5600;4388
23037;2.5570;4390
24313;2.5550;4391
6925;2.5545;4392
20019;2.5525;4393
21137;2.5520;4394
16849;2.5500;4395
23833;2.5500;4395
1328;2.5485;4397
8435;2.5485;4397
23574;2.5455;4399
22324;2.5425;4400
24264;2.5400;4401
24440;2.5400;4401
25705;2.5400;4401
1953;2.5385;4404
17863;2.5375;4405
21544;2.5330;4406
24159;2.5305;4407
4866;2.5275;4408
8215;2.5275;4408
11882;2.5275;4408
21699;2.5250;4411
20826;2.5230;4412
23990;2.5200;4413
23444;2.5165;4414
11001;2.5150;4415
14767;2.5125;4416
23953;2.5125;4416
24833;2.5125;4416
19873;2.5060;4419
7883;2.5050;4420
21895;2.5050;4420
22944;2.5035;4422
17404;2.5010;4423
22767;2.4950;4424
22456;2.4900;4425
21738;2.4895;4426
16249;2.4880;4427
16987;2.4870;4428
5182;2.4865;4429
21259;2.4860;4430
6162;2.4855;4431
18472;2.4855;4431
8402;2.4850;4433
21459;2.4795;4434
5867;2.4785;4435
21529;2.4750;4436
22539;2.4750;4436
3421;2.4740;4438
9707;2.4700;4439
15114;2.4700;4439
16756;2.4700;4439
7157;2.4685;4442
10958;2.4675;4443
19310;2.4655;4444
12205;2.4505;4445
13407;2.4465;4446
23061;2.4450;4447
21230;2.4425;4448
16878;2.4395;4449
12566;2.4375;4450
22015;2.4365;4451
21325;2.4340;4452
22073;2.4285;4453
20182;2.4260;4454
3891;2.4255;4455
1136;2.4250;4456
23366;2.4180;4457
21664;2.4150;4458
23635;2.4150;4458
21072;2.4145;4460
24053;2.4135;4461
6783;2.4125;4462
17136;2.4120;4463
22399;2.4105;4464
1724;2.4100;4465
22193;2.4100;4465
18633;2.4075;4467
20805;2.4075;4467
22564;2.4075;4467
9527;2.4065;4470
24257;2.4005;4471
22309;2.3995;4472
8462;2.3950;4473
24146;2.3950;4473
19967;2.3940;4475
19077;2.3925;4476
23921;2.3925;4476
2034;2.3890;4478
4573;2.3860;4479
6883;2.3850;4480
24031;2.3850;4480
18305;2.3825;4482
23449;2.3825;4482
24334;2.3800;4484
17513;2.3795;4485
20953;2.3795;4485
22816;2.3775;4487
22818;2.3775;4487
23607;2.3755;4489
24690;2.3750;4490
21670;2.3735;4491
18149;2.3715;4492
20183;2.3705;4493
20113;2.3700;4494
24467;2.3700;4494
14453;2.3680;4496
2677;2.3675;4497
6911;2.3670;4498
22498;2.3650;4499
18440;2.3645;4500
15094;2.3630;4501
1261;2.3605;4502
18484;2.3600;4503
20966;2.3600;4503
23506;2.3585;4505
3971;2.3560;4506
23480;2.3560;4506
23403;2.3525;4508
21392;2.3505;4509
3172;2.3500;4510
4901;2.3500;4510
23622;2.3500;4510
23725;2.3500;4510
20305;2.3475;4514
21527;2.3455;4515
17770;2.3440;4516
11020;2.3425;4517
23404;2.3425;4517
21473;2.3420;4519
15134;2.3390;4520
23104;2.3350;4521
24773;2.3350;4521
7437;2.3335;4523
15075;2.3335;4523
7056;2.3295;4525
15733;2.3225;4526
24885;2.3200;4527
24271;2.3180;4528
7700;2.3175;4529
17284;2.3125;4530
13255;2.3100;4531
22980;2.3100;4531
22981;2.3100;4531
2334;2.3075;4534
22716;2.3050;4535
16268;2.3000;4536
18477;2.3000;4536
20866;2.3000;4536
20867;2.3000;4536
22190;2.2975;4540
4510;2.2960;4541
19843;2.2955;4542
10956;2.2950;4543
12091;2.2940;4544
11658;2.2925;4545
23411;2.2925;4545
23442;2.2900;4547
9243;2.2865;4548
10557;2.2850;4549
19076;2.2800;4550
24165;2.2780;4551
24244;2.2735;4552
1684;2.2725;4553
21645;2.2665;4554
10960;2.2625;4555
15650;2.2625;4555
17739;2.2625;4555
20597;2.2600;4558
6746;2.2575;4559
21556;2.2575;4559
22269;2.2565;4561
22011;2.2550;4562
23373;2.2550;4562
24432;2.2550;4562
10252;2.2500;4565
19057;2.2475;4566
18578;2.2450;4567
23359;2.2450;4567
24147;2.2430;4569
5224;2.2425;4570
15235;2.2400;4571
1366;2.2390;4572
18486;2.2355;4573
6724;2.2330;4574
11884;2.2315;4575
18368;2.2305;4576
21426;2.2295;4577
24444;2.2250;4578
21781;2.2235;4579
8170;2.2190;4580
17663;2.2165;4581
24751;2.2150;4582
20540;2.2130;4583
21324;2.2120;4584
7480;2.2110;4585
25235;2.2100;4586
7952;2.2095;4587
23337;2.2090;4588
22945;2.2075;4589
19687;2.2050;4590
23169;2.2025;4591
12338;2.2010;4592
1620;2.2000;4593
18850;2.2000;4593
19785;2.2000;4593
21716;2.1975;4596
21700;2.1950;4597
23441;2.1950;4597
21546;2.1900;4599
21547;2.1900;4599
7352;2.1895;4601
23465;2.1890;4602
7029;2.1880;4603
20237;2.1825;4604
9287;2.1800;4605
18416;2.1800;4605
21753;2.1800;4605
22483;2.1785;4608
24335;2.1755;4609
3339;2.1750;4610
24922;2.1750;4610
14482;2.1720;4612
6545;2.1715;4613
22595;2.1710;4614
25135;2.1700;4615
22907;2.1685;4616
17450;2.1675;4617
23499;2.1655;4618
23683;2.1630;4619
14705;2.1600;4620
21435;2.1600;4620
21815;2.1580;4622
2530;2.1575;4623
24495;2.1550;4624
10315;2.1530;4625
22323;2.1525;4626
24273;2.1525;4626
23756;2.1515;4628
4615;2.1500;4629
21816;2.1470;4630
24297;2.1400;4631
19970;2.1365;4632
18780;2.1355;4633
22374;2.1330;4634
17095;2.1300;4635
24414;2.1300;4635
22637;2.1295;4637
10301;2.1290;4638
2584;2.1280;4639
23348;2.1275;4640
16536;2.1255;4641
18899;2.1240;4642
24309;2.1230;4643
6339;2.1225;4644
23262;2.1200;4645
25594;2.1200;4645
18206;2.1185;4647
2056;2.1170;4648
22594;2.1160;4649
15117;2.1105;4650
8727;2.1100;4651
23410;2.1075;4652
20227;2.1050;4653
22477;2.1025;4654
9238;2.1010;4655
12889;2.1010;4655
12681;2.0980;4657
18985;2.0960;4658
18986;2.0960;4658
21460;2.0950;4660
6927;2.0900;4661
14552;2.0850;4662
11211;2.0800;4663
23546;2.0775;4664
2534;2.0750;4665
24259;2.0750;4665
24715;2.0750;4665
24098;2.0705;4668
13331;2.0700;4669
19364;2.0700;4669
24109;2.0700;4669
11195;2.0695;4672
20185;2.0695;4672
3141;2.0685;4674
18202;2.0675;4675
16368;2.0660;4676
23873;2.0655;4677
22753;2.0645;4678
10368;2.0600;4679
24203;2.0535;4680
23440;2.0525;4681
18387;2.0475;4682
1494;2.0465;4683
20300;2.0450;4684
22513;2.0450;4684
14515;2.0445;4686
22118;2.0425;4687
23443;2.0425;4687
13092;2.0390;4689
23563;2.0375;4690
15662;2.0360;4691
1370;2.0325;4692
22666;2.0315;4693
11534;2.0300;4694
24253;2.0300;4694
17283;2.0250;4696
11512;2.0235;4697
24162;2.0210;4698
7228;2.0200;4699
23594;2.0165;4700
23852;2.0160;4701
17743;2.0150;4702
22638;2.0150;4702
23336;2.0135;4704
2406;2.0130;4705
25615;2.0100;4706
22384;2.0025;4707
19150;2.0000;4708
20126;2.0000;4708
25706;2.0000;4708
9116;1.9975;4711
22407;1.9955;4712
24246;1.9955;4712
11607;1.9950;4714
21807;1.9950;4714
22784;1.9905;4716
24234;1.9900;4717
22302;1.9875;4718
24212;1.9875;4718
23439;1.9850;4720
6968;1.9840;4721
16180;1.9820;4722
6690;1.9810;4723
22378;1.9785;4724
22455;1.9770;4725
3396;1.9750;4726
22484;1.9735;4727
7385;1.9720;4728
4560;1.9700;4729
17258;1.9690;4730
23303;1.9680;4731
15195;1.9605;4732
2313;1.9600;4733
8284;1.9600;4733
21585;1.9600;4733
24169;1.9600;4733
9297;1.9585;4737
20306;1.9580;4738
13110;1.9560;4739
12432;1.9555;4740
22235;1.9550;4741
2531;1.9525;4742
12515;1.9525;4742
17363;1.9515;4744
23762;1.9500;4745
11191;1.9460;4746
1626;1.9450;4747
15730;1.9450;4747
17391;1.9450;4747
22833;1.9450;4747
24704;1.9450;4747
7380;1.9430;4752
17895;1.9425;4753
21449;1.9425;4753
17873;1.9375;4755
24156;1.9350;4756
15738;1.9305;4757
2179;1.9300;4758
5292;1.9280;4759
11996;1.9275;4760
17744;1.9275;4760
20371;1.9165;4762
21554;1.9150;4763
12868;1.9135;4764
23887;1.9105;4765
24192;1.9100;4766
12245;1.9070;4767
7140;1.9060;4768
17915;1.9060;4768
20707;1.9005;4770
24629;1.9005;4770
25422;1.9000;4772
2528;1.8975;4773
12268;1.8945;4774
24854;1.8900;4775
25835;1.8900;4775
22565;1.8835;4777
11017;1.8825;4778
15116;1.8825;4778
20664;1.8825;4778
6316;1.8800;4781
23641;1.8800;4781
3855;1.8790;4783
9958;1.8785;4784
10654;1.8765;4785
24205;1.8755;4786
21275;1.8750;4787
22181;1.8710;4788
21543;1.8700;4789
23535;1.8700;4789
20542;1.8655;4791
24502;1.8655;4791
3650;1.8650;4793
12377;1.8640;4794
9473;1.8620;4795
24255;1.8600;4796
6192;1.8575;4797
2316;1.8525;4798
4604;1.8525;4798
24207;1.8525;4798
8993;1.8500;4801
20177;1.8500;4801
22236;1.8500;4801
22437;1.8500;4801
24811;1.8500;4801
23407;1.8460;4806
6171;1.8450;4807
24494;1.8450;4807
12174;1.8440;4809
7310;1.8410;4810
20275;1.8400;4811
22197;1.8400;4811
23397;1.8400;4811
10129;1.8390;4814
24609;1.8375;4815
6350;1.8355;4816
16191;1.8355;4816
19322;1.8350;4818
23044;1.8325;4819
4497;1.8300;4820
13282;1.8285;4821
17543;1.8280;4822
23150;1.8275;4823
23438;1.8275;4823
20976;1.8265;4825
18536;1.8250;4826
24240;1.8250;4826
21752;1.8235;4828
22903;1.8225;4829
24519;1.8225;4829
23752;1.8210;4831
24542;1.8200;4832
25064;1.8200;4832
23432;1.8175;4834
21679;1.8165;4835
4947;1.8150;4836
23741;1.8150;4836
8592;1.8145;4838
2409;1.8100;4839
22267;1.8100;4839
24191;1.8100;4839
5982;1.8085;4842
20749;1.8075;4843
21488;1.8070;4844
16447;1.8065;4845
6876;1.8055;4846
18367;1.8055;4846
22308;1.8040;4848
1314;1.8000;4849
11171;1.8000;4849
25295;1.8000;4849
3753;1.7940;4852
15194;1.7895;4853
23654;1.7895;4853
22670;1.7880;4855
19129;1.7875;4856
3435;1.7870;4857
19719;1.7860;4858
23964;1.7825;4859
12416;1.7800;4860
23918;1.7800;4860
23457;1.7790;4862
24506;1.7750;4863
17336;1.7745;4864
5204;1.7725;4865
19361;1.7725;4865
3314;1.7715;4867
17730;1.7670;4868
21401;1.7625;4869
12007;1.7600;4870
13759;1.7600;4870
14413;1.7600;4870
23257;1.7600;4870
24509;1.7600;4870
23376;1.7590;4875
11316;1.7575;4876
22025;1.7555;4877
24537;1.7540;4878
22863;1.7525;4879
20632;1.7515;4880
5004;1.7425;4881
23332;1.7400;4882
24466;1.7400;4882
26058;1.7400;4882
19784;1.7330;4885
21552;1.7325;4886
18852;1.7305;4887
1730;1.7290;4888
15141;1.7220;4889
24637;1.7200;4890
15142;1.7155;4891
22203;1.7150;4892
22912;1.7150;4892
19760;1.7140;4894
18958;1.7130;4895
21549;1.7100;4896
24649;1.7100;4896
22105;1.7045;4898
10119;1.7040;4899
25002;1.7000;4900
9708;1.6995;4901
23151;1.6950;4902
6711;1.6930;4903
2812;1.6915;4904
8013;1.6900;4905
19439;1.6900;4905
23551;1.6900;4905
24521;1.6900;4905
21107;1.6890;4909
5293;1.6875;4910
8041;1.6875;4910
5531;1.6870;4912
17851;1.6850;4913
23266;1.6830;4914
21105;1.6825;4915
21108;1.6825;4915
23456;1.6815;4917
5515;1.6800;4918
12996;1.6800;4918
22182;1.6800;4918
23329;1.6800;4918
22312;1.6785;4922
19271;1.6775;4923
21894;1.6775;4923
24379;1.6735;4925
7801;1.6730;4926
24243;1.6730;4926
7890;1.6700;4928
22732;1.6700;4928
24183;1.6700;4928
24202;1.6700;4928
24405;1.6700;4928
13409;1.6690;4933
2413;1.6685;4934
21135;1.6675;4935
8821;1.6645;4936
25301;1.6600;4937
22742;1.6595;4938
22839;1.6565;4939
13992;1.6555;4940
2354;1.6525;4941
22187;1.6520;4942
20918;1.6515;4943
24713;1.6510;4944
16731;1.6500;4945
24178;1.6450;4946
24490;1.6450;4946
2433;1.6440;4948
8313;1.6440;4948
16322;1.6420;4950
23631;1.6410;4951
24336;1.6405;4952
12422;1.6400;4953
24423;1.6400;4953
25332;1.6400;4953
25357;1.6400;4953
21745;1.6395;4957
16207;1.6375;4958
24252;1.6375;4958
23901;1.6350;4960
10909;1.6330;4961
23436;1.6325;4962
23570;1.6325;4962
22274;1.6300;4964
20166;1.6285;4965
21622;1.6260;4966
19056;1.6225;4967
22758;1.6225;4967
23677;1.6225;4967
24148;1.6200;4970
24465;1.6200;4970
25340;1.6200;4970
23051;1.6185;4973
19787;1.6150;4974
17352;1.6125;4975
24419;1.6100;4976
24424;1.6100;4976
24438;1.6100;4976
23433;1.6075;4979
19231;1.6025;4980
8690;1.6005;4981
25436;1.6000;4982
18070;1.5980;4983
17048;1.5975;4984
24552;1.5855;4985
6564;1.5850;4986
8094;1.5825;4987
17342;1.5800;4988
23495;1.5800;4988
17572;1.5785;4990
18232;1.5785;4990
16566;1.5775;4992
24125;1.5775;4992
24639;1.5750;4994
21362;1.5725;4995
22557;1.5680;4996
23770;1.5675;4997
14675;1.5630;4998
20512;1.5630;4998
24767;1.5630;4998
18124;1.5625;5001
5837;1.5600;5002
24463;1.5600;5002
24566;1.5600;5002
24567;1.5600;5002
25270;1.5600;5002
20188;1.5570;5007
23132;1.5570;5007
18300;1.5550;5009
24750;1.5545;5010
23712;1.5525;5011
10150;1.5515;5012
24250;1.5505;5013
8190;1.5500;5014
25286;1.5500;5014
17418;1.5495;5016
22427;1.5475;5017
23688;1.5460;5018
24619;1.5455;5019
6756;1.5445;5020
13639;1.5425;5021
4579;1.5400;5022
24861;1.5400;5022
17386;1.5385;5024
18071;1.5380;5025
4267;1.5350;5026
21476;1.5335;5027
24915;1.5300;5028
25253;1.5300;5028
22766;1.5260;5030
7319;1.5240;5031
21156;1.5230;5032
23761;1.5225;5033
25198;1.5200;5034
25435;1.5200;5034
20786;1.5175;5036
9301;1.5170;5037
20739;1.5125;5038
13158;1.5100;5039
19426;1.5100;5039
24140;1.5100;5039
1464;1.5075;5042
10344;1.5075;5042
22812;1.5050;5044
17593;1.5035;5045
20172;1.5005;5046
6693;1.5000;5047
10345;1.5000;5047
21260;1.5000;5047
24403;1.5000;5047
24407;1.5000;5047
25196;1.5000;5047
18881;1.4995;5053
23702;1.4980;5054
3524;1.4950;5055
1143;1.4935;5056
19803;1.4925;5057
20909;1.4915;5058
23022;1.4905;5059
4647;1.4875;5060
1124;1.4850;5061
23732;1.4850;5061
24182;1.4850;5061
3999;1.4830;5064
10520;1.4825;5065
21557;1.4825;5065
21561;1.4825;5065
4373;1.4800;5068
18488;1.4800;5068
24326;1.4800;5068
25434;1.4800;5068
21657;1.4775;5072
22571;1.4775;5072
24417;1.4750;5074
20464;1.4715;5075
23659;1.4710;5076
24230;1.4700;5077
24330;1.4700;5077
19651;1.4675;5079
1915;1.4670;5080
15721;1.4660;5081
19652;1.4625;5082
8058;1.4600;5083
8329;1.4600;5083
10499;1.4600;5083
12840;1.4600;5083
21741;1.4600;5083
24611;1.4600;5083
24969;1.4600;5083
1323;1.4580;5090
23256;1.4565;5091
24660;1.4550;5092
24204;1.4530;5093
18970;1.4500;5094
20161;1.4500;5094
20792;1.4500;5094
25184;1.4500;5094
22693;1.4485;5098
1657;1.4470;5099
1872;1.4465;5100
19689;1.4455;5101
22251;1.4455;5101
4568;1.4425;5103
23090;1.4405;5104
23501;1.4400;5105
24332;1.4400;5105
24392;1.4400;5105
25362;1.4400;5105
8556;1.4350;5109
1157;1.4330;5110
23428;1.4325;5111
23943;1.4310;5112
24307;1.4305;5113
18908;1.4300;5114
19575;1.4300;5114
23430;1.4300;5114
24088;1.4300;5114
24316;1.4300;5114
24656;1.4300;5114
23730;1.4295;5120
22347;1.4275;5121
24668;1.4275;5121
16451;1.4250;5123
18330;1.4250;5123
23534;1.4250;5123
21705;1.4225;5126
24458;1.4215;5127
1364;1.4200;5128
24308;1.4200;5128
25124;1.4200;5128
25192;1.4200;5128
18434;1.4175;5132
5228;1.4155;5133
24333;1.4150;5134
18975;1.4130;5135
4945;1.4125;5136
19532;1.4125;5136
20996;1.4120;5138
21246;1.4100;5139
25125;1.4100;5139
22418;1.4085;5141
15704;1.4075;5142
23991;1.4075;5142
13001;1.4040;5144
2042;1.4015;5145
24043;1.4005;5146
2959;1.4000;5147
3984;1.4000;5147
4655;1.4000;5147
5342;1.4000;5147
5808;1.4000;5147
24318;1.4000;5147
24321;1.4000;5147
15616;1.3960;5154
17892;1.3960;5154
23655;1.3955;5156
19686;1.3940;5157
24358;1.3900;5158
25047;1.3900;5158
24236;1.3875;5160
12694;1.3850;5161
23057;1.3850;5161
23736;1.3850;5161
23667;1.3825;5164
24373;1.3825;5164
23597;1.3820;5166
18763;1.3815;5167
23335;1.3810;5168
22137;1.3805;5169
3163;1.3800;5170
11790;1.3790;5171
16780;1.3765;5172
6115;1.3750;5173
24282;1.3750;5173
22850;1.3725;5175
5100;1.3720;5176
14257;1.3710;5177
20152;1.3700;5178
24359;1.3700;5178
7673;1.3675;5180
24711;1.3660;5181
4004;1.3650;5182
21198;1.3650;5182
23138;1.3650;5182
23286;1.3640;5185
22393;1.3615;5186
24375;1.3605;5187
10843;1.3600;5188
15009;1.3600;5188
24666;1.3600;5188
24302;1.3555;5191
11453;1.3540;5192
22672;1.3520;5193
23409;1.3505;5194
24393;1.3500;5195
24504;1.3500;5195
25195;1.3500;5195
2731;1.3475;5198
23300;1.3475;5198
20028;1.3455;5200
24340;1.3450;5201
24461;1.3400;5202
25113;1.3400;5202
9541;1.3395;5204
10286;1.3390;5205
18455;1.3365;5206
24645;1.3350;5207
24388;1.3325;5208
8422;1.3315;5209
13523;1.3310;5210
19545;1.3300;5211
23670;1.3300;5211
23891;1.3300;5211
25242;1.3300;5211
25341;1.3300;5211
23528;1.3265;5216
4466;1.3250;5217
19348;1.3250;5217
14563;1.3230;5219
24460;1.3200;5220
3875;1.3175;5221
23469;1.3175;5221
24550;1.3155;5223
4680;1.3150;5224
1117;1.3100;5225
10559;1.3100;5225
14435;1.3100;5225
24543;1.3100;5225
24612;1.3100;5225
25119;1.3100;5225
19968;1.3090;5231
24381;1.3075;5232
13603;1.3065;5233
3502;1.3055;5234
4700;1.3050;5235
19606;1.3050;5235
22340;1.3050;5235
24512;1.3050;5235
5841;1.3025;5239
22706;1.3025;5239
22739;1.3015;5241
6723;1.3000;5242
15353;1.3000;5242
22692;1.3000;5242
22841;1.3000;5242
24254;1.3000;5242
24433;1.3000;5242
25554;1.3000;5242
15104;1.2995;5249
23454;1.2990;5250
23817;1.2990;5250
18339;1.2980;5252
23567;1.2975;5253
23856;1.2975;5253
14502;1.2960;5255
23738;1.2950;5256
22738;1.2940;5257
22561;1.2935;5258
21663;1.2915;5259
1492;1.2900;5260
22709;1.2900;5260
23451;1.2900;5260
24684;1.2900;5260
25268;1.2900;5260
25456;1.2900;5260
23822;1.2890;5266
20026;1.2880;5267
3923;1.2860;5268
22264;1.2850;5269
24665;1.2800;5270
25444;1.2800;5270
6506;1.2775;5272
9903;1.2770;5273
24511;1.2750;5274
1521;1.2725;5275
5743;1.2725;5275
11593;1.2725;5275
12346;1.2705;5278
24221;1.2700;5279
24350;1.2700;5279
24354;1.2700;5279
24697;1.2700;5279
24761;1.2700;5279
8299;1.2695;5284
22206;1.2680;5285
17681;1.2655;5286
20176;1.2650;5287
24331;1.2650;5287
21348;1.2635;5289
18893;1.2625;5290
21954;1.2625;5290
8471;1.2600;5292
18574;1.2600;5292
25442;1.2600;5292
12986;1.2595;5295
8882;1.2555;5296
22558;1.2555;5296
1187;1.2550;5298
18840;1.2550;5298
22186;1.2550;5298
10019;1.2535;5301
23849;1.2525;5302
11997;1.2520;5303
25306;1.2500;5304
11022;1.2490;5305
21709;1.2475;5306
22257;1.2475;5306
14744;1.2460;5308
22355;1.2450;5309
22476;1.2450;5309
23302;1.2450;5309
24691;1.2450;5309
23948;1.2400;5313
24141;1.2400;5313
25101;1.2400;5313
25438;1.2400;5313
3555;1.2395;5317
18895;1.2375;5318
24222;1.2360;5319
23799;1.2355;5320
15858;1.2350;5321
17507;1.2340;5322
19350;1.2340;5322
11168;1.2325;5324
23241;1.2325;5324
23291;1.2325;5324
9674;1.2300;5327
11163;1.2300;5327
23468;1.2300;5327
23946;1.2300;5327
25199;1.2300;5327
25356;1.2300;5327
1336;1.2275;5333
4693;1.2275;5333
21963;1.2275;5333
23002;1.2260;5336
23671;1.2250;5337
24190;1.2250;5337
18621;1.2240;5339
5541;1.2200;5340
25473;1.2200;5340
25553;1.2200;5340
25812;1.2200;5340
24122;1.2185;5344
3308;1.2135;5345
5637;1.2105;5346
15734;1.2100;5347
23838;1.2100;5347
25287;1.2100;5347
21187;1.2095;5350
21211;1.2075;5351
5393;1.2055;5352
24295;1.2025;5353
18037;1.2005;5354
23800;1.2005;5354
9035;1.2000;5356
14402;1.2000;5356
17108;1.2000;5356
18631;1.2000;5356
19844;1.2000;5356
24292;1.2000;5356
25294;1.2000;5356
23355;1.1995;5363
23925;1.1985;5364
22707;1.1975;5365
23053;1.1975;5365
23837;1.1950;5367
24582;1.1950;5367
22408;1.1930;5369
14395;1.1900;5370
25860;1.1900;5370
11801;1.1895;5372
23437;1.1875;5373
13152;1.1860;5374
24491;1.1850;5375
10189;1.1840;5376
22536;1.1835;5377
23656;1.1835;5377
24263;1.1800;5379
25457;1.1800;5379
25458;1.1800;5379
19847;1.1775;5382
21175;1.1775;5382
9575;1.1755;5384
20004;1.1730;5385
17440;1.1725;5386
24406;1.1700;5387
25079;1.1700;5387
5349;1.1675;5389
19733;1.1670;5390
6599;1.1665;5391
11231;1.1650;5392
22777;1.1635;5393
22838;1.1615;5394
23729;1.1605;5395
2892;1.1600;5396
24163;1.1600;5396
24319;1.1600;5396
24701;1.1600;5396
25443;1.1600;5396
25476;1.1600;5396
18421;1.1595;5402
20902;1.1595;5402
2188;1.1535;5404
8518;1.1525;5405
23287;1.1525;5405
5381;1.1500;5407
9206;1.1500;5407
14445;1.1500;5407
24128;1.1500;5407
24129;1.1500;5407
24594;1.1500;5407
25920;1.1500;5407
21835;1.1490;5414
8609;1.1470;5415
21347;1.1450;5416
23769;1.1450;5416
17787;1.1445;5418
22336;1.1445;5418
9121;1.1430;5420
21833;1.1425;5421
4369;1.1400;5422
20072;1.1400;5422
24481;1.1400;5422
5289;1.1365;5425
22769;1.1360;5426
7551;1.1355;5427
23554;1.1355;5427
22108;1.1350;5429
14475;1.1345;5430
21836;1.1340;5431
16281;1.1325;5432
21276;1.1320;5433
19467;1.1300;5434
23766;1.1300;5434
24312;1.1300;5434
24317;1.1300;5434
6303;1.1250;5438
24374;1.1250;5438
15277;1.1230;5440
16735;1.1210;5441
24324;1.1200;5442
24670;1.1200;5442
7388;1.1180;5444
23034;1.1175;5445
10444;1.1170;5446
24351;1.1155;5447
19351;1.1150;5448
21859;1.1150;5448
24890;1.1150;5448
6837;1.1125;5451
20346;1.1125;5451
21504;1.1105;5453
24107;1.1100;5454
24344;1.1100;5454
24486;1.1100;5454
24540;1.1100;5454
24541;1.1100;5454
24793;1.1100;5454
19703;1.1090;5460
22820;1.1075;5461
22294;1.1060;5462
22905;1.1050;5463
23489;1.1030;5464
18854;1.1020;5465
8062;1.1010;5466
20668;1.1010;5466
23672;1.1005;5468
5881;1.1000;5469
7070;1.1000;5469
24258;1.1000;5469
24413;1.1000;5469
24448;1.1000;5469
24592;1.1000;5469
2449;1.0990;5475
18327;1.0985;5476
6173;1.0975;5477
6374;1.0970;5478
6375;1.0970;5478
23834;1.0950;5480
11604;1.0945;5481
20270;1.0940;5482
8704;1.0925;5483
15743;1.0925;5483
22454;1.0925;5483
18458;1.0905;5486
5913;1.0900;5487
15609;1.0900;5487
25308;1.0900;5487
23924;1.0885;5490
10217;1.0880;5491
8145;1.0850;5492
22545;1.0850;5492
22546;1.0850;5492
22628;1.0850;5492
23055;1.0850;5492
24149;1.0850;5492
24989;1.0850;5492
2303;1.0845;5499
16071;1.0830;5500
21925;1.0830;5500
23074;1.0830;5500
20399;1.0825;5503
23093;1.0825;5503
24737;1.0825;5503
6475;1.0800;5506
15215;1.0800;5506
23853;1.0800;5506
24256;1.0800;5506
25260;1.0800;5506
20214;1.0795;5511
1325;1.0790;5512
11785;1.0765;5513
21916;1.0760;5514
2784;1.0750;5515
24020;1.0750;5515
4653;1.0745;5517
22999;1.0745;5517
13208;1.0725;5519
4029;1.0700;5520
22343;1.0700;5520
24130;1.0700;5520
25589;1.0700;5520
4437;1.0655;5524
7826;1.0650;5525
8436;1.0650;5525
21015;1.0605;5527
3091;1.0600;5528
17746;1.0600;5528
20462;1.0600;5528
24411;1.0600;5528
24480;1.0600;5528
25546;1.0600;5528
25763;1.0600;5528
22183;1.0585;5535
10861;1.0580;5536
24113;1.0555;5537
10875;1.0550;5538
14412;1.0550;5538
22084;1.0550;5538
24689;1.0550;5538
21423;1.0525;5542
21508;1.0515;5543
4914;1.0500;5544
24454;1.0500;5544
24544;1.0500;5544
24695;1.0500;5544
25266;1.0500;5544
25299;1.0500;5544
25820;1.0500;5544
4424;1.0475;5551
16844;1.0475;5551
2220;1.0465;5553
23816;1.0465;5553
19772;1.0455;5555
2621;1.0430;5556
22781;1.0425;5557
24489;1.0400;5558
14866;1.0395;5559
18784;1.0390;5560
20074;1.0380;5561
11190;1.0350;5562
24819;1.0350;5562
24992;1.0350;5562
22705;1.0325;5565
12177;1.0315;5566
24663;1.0315;5566
6992;1.0300;5568
11031;1.0300;5568
23619;1.0300;5568
24427;1.0300;5568
25012;1.0300;5568
4613;1.0295;5573
19932;1.0275;5574
23491;1.0275;5574
10146;1.0250;5576
13609;1.0250;5576
22901;1.0250;5576
23630;1.0230;5579
14510;1.0225;5580
18554;1.0225;5580
15123;1.0200;5582
24661;1.0200;5582
10425;1.0180;5584
23346;1.0160;5585
24314;1.0160;5585
24348;1.0160;5585
1965;1.0150;5588
10874;1.0150;5588
14106;1.0150;5588
24187;1.0150;5588
13348;1.0135;5592
19915;1.0105;5593
1204;1.0100;5594
22719;1.0100;5594
25279;1.0100;5594
2400;1.0090;5597
20102;1.0085;5598
24618;1.0075;5599
10355;1.0065;5600
18638;1.0050;5601
22656;1.0050;5601
24325;1.0050;5601
24123;1.0035;5604
24211;1.0005;5605
1010;1.0000;5606
2667;1.0000;5606
18825;1.0000;5606
19975;1.0000;5606
19985;1.0000;5606
4730;0.9950;5611
24415;0.9950;5611
12672;0.9925;5613
19114;0.9900;5614
21264;0.9900;5614
20634;0.9890;5616
2544;0.9875;5617
19460;0.9875;5617
22764;0.9875;5617
17443;0.9850;5620
17683;0.9830;5621
24404;0.9800;5622
24456;0.9800;5622
24962;0.9800;5622
25768;0.9800;5622
6805;0.9795;5626
18247;0.9795;5626
18125;0.9750;5628
24390;0.9750;5628
21818;0.9700;5630
24900;0.9700;5630
25216;0.9700;5630
22597;0.9675;5633
17725;0.9650;5634
20420;0.9650;5634
23780;0.9650;5634
5227;0.9640;5637
15849;0.9640;5637
24873;0.9625;5639
4988;0.9610;5640
15011;0.9610;5640
24453;0.9600;5642
24615;0.9600;5642
25496;0.9600;5642
25561;0.9600;5642
19685;0.9590;5646
23021;0.9575;5647
23331;0.9575;5647
22583;0.9555;5649
16860;0.9500;5650
19098;0.9500;5650
20503;0.9500;5650
21227;0.9500;5650
18997;0.9495;5654
17664;0.9490;5655
5769;0.9450;5656
24705;0.9450;5656
22748;0.9430;5658
23382;0.9425;5659
13187;0.9415;5660
5825;0.9400;5661
23290;0.9400;5661
24408;0.9400;5661
18088;0.9395;5664
18258;0.9380;5665
21634;0.9375;5666
7779;0.9360;5667
8300;0.9350;5668
24988;0.9350;5668
4213;0.9315;5670
21703;0.9310;5671
14458;0.9300;5672
22737;0.9300;5672
22968;0.9300;5672
24401;0.9300;5672
24412;0.9300;5672
24938;0.9300;5672
21445;0.9275;5678
22596;0.9275;5678
23493;0.9275;5678
23958;0.9275;5678
24501;0.9255;5682
23549;0.9250;5683
23880;0.9250;5683
24788;0.9225;5685
19789;0.9215;5686
22687;0.9210;5687
24092;0.9205;5688
2402;0.9195;5689
16434;0.9190;5690
20224;0.9190;5690
4244;0.9175;5692
4325;0.9175;5692
7005;0.9160;5694
24994;0.9150;5695
2555;0.9100;5696
13768;0.9100;5696
24037;0.9100;5696
19857;0.9075;5699
15617;0.9065;5700
9088;0.9025;5701
19434;0.9025;5701
5695;0.9000;5703
6892;0.9000;5703
23386;0.9000;5703
23835;0.9000;5703
25522;0.9000;5703
8213;0.8990;5708
8380;0.8975;5709
24378;0.8975;5709
17019;0.8950;5711
22814;0.8950;5711
1498;0.8920;5713
18061;0.8915;5714
21878;0.8900;5715
25298;0.8900;5715
25455;0.8900;5715
23363;0.8885;5718
15469;0.8875;5719
16146;0.8875;5719
24133;0.8870;5721
4778;0.8865;5722
10439;0.8850;5723
21832;0.8850;5723
24648;0.8850;5723
4984;0.8825;5726
22925;0.8825;5726
17169;0.8810;5728
21164;0.8805;5729
2450;0.8800;5730
24289;0.8800;5730
18797;0.8760;5732
23000;0.8750;5733
24726;0.8750;5733
24775;0.8750;5733
24776;0.8750;5733
24979;0.8750;5733
17844;0.8740;5738
1732;0.8710;5739
13794;0.8700;5740
15514;0.8700;5740
24301;0.8700;5740
21111;0.8665;5743
23078;0.8660;5744
17645;0.8650;5745
17789;0.8650;5745
20189;0.8650;5745
24437;0.8650;5745
24995;0.8650;5745
1922;0.8645;5750
4760;0.8635;5751
18704;0.8625;5752
23025;0.8625;5752
22098;0.8620;5754
11095;0.8610;5755
11424;0.8610;5755
14434;0.8600;5757
25019;0.8600;5757
25067;0.8600;5757
25267;0.8600;5757
1211;0.8575;5761
13592;0.8575;5761
23673;0.8575;5761
14848;0.8550;5764
23870;0.8550;5764
23623;0.8535;5766
15876;0.8525;5767
20244;0.8520;5768
22356;0.8520;5768
22685;0.8510;5770
3274;0.8500;5771
22497;0.8500;5771
10362;0.8490;5773
21881;0.8475;5774
22797;0.8475;5774
23434;0.8475;5774
24722;0.8460;5777
4736;0.8425;5778
23381;0.8425;5778
22420;0.8405;5780
7156;0.8400;5781
23812;0.8400;5781
21148;0.8375;5783
4194;0.8350;5784
4889;0.8350;5784
24716;0.8350;5784
23498;0.8325;5787
7378;0.8300;5788
24551;0.8300;5788
25178;0.8300;5788
25577;0.8300;5788
8134;0.8280;5792
22150;0.8280;5792
24696;0.8275;5794
8315;0.8250;5795
13572;0.8250;5795
13977;0.8250;5795
21986;0.8250;5795
24777;0.8250;5795
24990;0.8250;5795
22788;0.8235;5801
23275;0.8235;5801
22885;0.8225;5803
18798;0.8220;5804
3022;0.8200;5805
25013;0.8200;5805
25257;0.8200;5805
25502;0.8200;5805
11810;0.8150;5809
13871;0.8150;5809
23556;0.8150;5809
23592;0.8125;5812
12757;0.8105;5813
24549;0.8105;5813
14541;0.8100;5815
25542;0.8100;5815
25582;0.8100;5815
23239;0.8090;5818
21761;0.8085;5819
23047;0.8085;5819
23221;0.8080;5821
10298;0.8075;5822
23379;0.8025;5823
23751;0.8025;5823
3262;0.8000;5825
3263;0.8000;5825
3828;0.8000;5825
10717;0.8000;5825
16915;0.8000;5825
24569;0.8000;5825
17337;0.7985;5831
9384;0.7975;5832
21361;0.7975;5832
9025;0.7950;5834
17329;0.7950;5834
23470;0.7950;5834
24898;0.7950;5834
2880;0.7940;5838
15863;0.7925;5839
24425;0.7900;5840
22069;0.7870;5841
22085;0.7855;5842
20949;0.7850;5843
23888;0.7825;5844
24499;0.7825;5844
18069;0.7800;5846
20340;0.7800;5846
21961;0.7800;5846
22459;0.7800;5846
23760;0.7800;5846
24996;0.7800;5846
25074;0.7800;5846
25350;0.7800;5846
25471;0.7800;5846
3153;0.7780;5855
12761;0.7775;5856
19837;0.7775;5856
12058;0.7755;5858
23804;0.7750;5859
24633;0.7750;5859
23345;0.7720;5861
7089;0.7700;5862
21898;0.7700;5862
24446;0.7700;5862
24563;0.7700;5862
24862;0.7700;5862
25292;0.7700;5862
4862;0.7675;5868
17695;0.7670;5869
11660;0.7660;5870
20337;0.7655;5871
11245;0.7650;5872
23620;0.7650;5872
23621;0.7650;5872
24698;0.7650;5872
24817;0.7650;5872
16332;0.7640;5877
14288;0.7635;5878
21224;0.7625;5879
24780;0.7625;5879
8383;0.7600;5881
14852;0.7600;5881
17965;0.7600;5881
24607;0.7600;5881
24908;0.7600;5881
13894;0.7595;5886
16205;0.7575;5887
22395;0.7555;5888
24209;0.7550;5889
24305;0.7550;5889
24702;0.7550;5889
6567;0.7535;5892
23898;0.7535;5892
23435;0.7525;5894
21472;0.7505;5895
9939;0.7500;5896
10171;0.7500;5896
14326;0.7500;5896
19692;0.7500;5896
23517;0.7500;5896
23519;0.7500;5896
23520;0.7500;5896
24812;0.7500;5896
25309;0.7500;5896
25313;0.7500;5896
25725;0.7500;5896
20446;0.7490;5907
24223;0.7475;5908
21795;0.7470;5909
24380;0.7455;5910
22544;0.7450;5911
21875;0.7425;5912
23715;0.7425;5912
5522;0.7400;5914
24329;0.7400;5914
14302;0.7355;5916
18106;0.7350;5917
24919;0.7350;5917
24997;0.7350;5917
21130;0.7345;5920
22937;0.7330;5921
17913;0.7325;5922
20339;0.7325;5922
4050;0.7310;5924
7343;0.7300;5925
7696;0.7300;5925
8893;0.7300;5925
24431;0.7300;5925
25256;0.7300;5925
25310;0.7300;5925
4691;0.7270;5931
1907;0.7255;5932
23450;0.7250;5933
24991;0.7250;5933
24993;0.7250;5933
21432;0.7240;5936
16242;0.7225;5937
22474;0.7225;5937
21876;0.7200;5939
22718;0.7200;5939
25070;0.7200;5939
21733;0.7155;5942
21734;0.7155;5942
24699;0.7155;5942
21205;0.7150;5945
22075;0.7150;5945
22444;0.7150;5945
22446;0.7150;5945
22447;0.7150;5945
23227;0.7150;5945
22346;0.7145;5951
6367;0.7140;5952
21140;0.7135;5953
7914;0.7130;5954
1788;0.7125;5955
1813;0.7125;5955
21841;0.7125;5955
5894;0.7100;5958
5898;0.7100;5958
21477;0.7100;5958
25290;0.7100;5958
1845;0.7075;5962
21058;0.7075;5962
23548;0.7075;5962
8188;0.7070;5965
20614;0.7050;5966
20804;0.7050;5966
22892;0.7050;5966
22960;0.7050;5966
24887;0.7050;5966
22283;0.7035;5971
17843;0.7005;5972
1246;0.7000;5973
6714;0.7000;5973
14154;0.7000;5973
14864;0.7000;5973
17661;0.7000;5973
22720;0.7000;5973
23694;0.7000;5973
24242;0.7000;5973
25281;0.7000;5973
20146;0.6975;5982
24657;0.6960;5983
18003;0.6950;5984
1437;0.6905;5985
24272;0.6905;5985
3411;0.6900;5987
3412;0.6900;5987
8613;0.6900;5987
10144;0.6900;5987
19016;0.6900;5987
22543;0.6900;5987
24655;0.6900;5987
25110;0.6900;5987
11949;0.6890;5995
1423;0.6870;5996
8116;0.6860;5997
21385;0.6850;5998
23938;0.6850;5998
11953;0.6840;6000
22350;0.6840;6000
---
